-- MySQL dump 10.13  Distrib 8.0.31, for Win64 (x86_64)
--
-- Host: localhost    Database: journal
-- ------------------------------------------------------
-- Server version	8.0.31

/*!40101 SET @OLD_CHARACTER_SET_CLIENT=@@CHARACTER_SET_CLIENT */;
/*!40101 SET @OLD_CHARACTER_SET_RESULTS=@@CHARACTER_SET_RESULTS */;
/*!40101 SET @OLD_COLLATION_CONNECTION=@@COLLATION_CONNECTION */;
/*!50503 SET NAMES utf8 */;
/*!40103 SET @OLD_TIME_ZONE=@@TIME_ZONE */;
/*!40103 SET TIME_ZONE='+00:00' */;
/*!40014 SET @OLD_UNIQUE_CHECKS=@@UNIQUE_CHECKS, UNIQUE_CHECKS=0 */;
/*!40014 SET @OLD_FOREIGN_KEY_CHECKS=@@FOREIGN_KEY_CHECKS, FOREIGN_KEY_CHECKS=0 */;
/*!40101 SET @OLD_SQL_MODE=@@SQL_MODE, SQL_MODE='NO_AUTO_VALUE_ON_ZERO' */;
/*!40111 SET @OLD_SQL_NOTES=@@SQL_NOTES, SQL_NOTES=0 */;

--
-- Table structure for table `attendance`
--

DROP TABLE IF EXISTS `attendance`;
/*!40101 SET @saved_cs_client     = @@character_set_client */;
/*!50503 SET character_set_client = utf8mb4 */;
CREATE TABLE `attendance` (
  `id` int NOT NULL,
  `id_group` int DEFAULT NULL,
  `id_student` bigint DEFAULT NULL,
  `id_date` int DEFAULT NULL,
  PRIMARY KEY (`id`),
  KEY `FKpjkes38x7sbxwhx1rt8a6d0m5` (`id_date`),
  KEY `FK1ftrjb3j46oxls7weitcjp17m` (`id_group`),
  KEY `FK6gc8r0m7krjf364ylwj6ydk88` (`id_student`)
) ENGINE=MyISAM DEFAULT CHARSET=utf8mb4 COLLATE=utf8mb4_0900_ai_ci;
/*!40101 SET character_set_client = @saved_cs_client */;

--
-- Dumping data for table `attendance`
--

LOCK TABLES `attendance` WRITE;
/*!40000 ALTER TABLE `attendance` DISABLE KEYS */;
INSERT INTO `attendance` VALUES (1,1,1,NULL),(2,1,2,4),(3,1,3,4),(4,1,4,4),(5,1,5,4),(6,1,6,4),(7,1,7,4),(8,1,8,4),(9,1,9,4),(10,1,10,4),(11,1,11,4),(12,1,12,4),(13,1,13,4),(14,1,348,4);
/*!40000 ALTER TABLE `attendance` ENABLE KEYS */;
UNLOCK TABLES;

--
-- Table structure for table `attendance_dates`
--

DROP TABLE IF EXISTS `attendance_dates`;
/*!40101 SET @saved_cs_client     = @@character_set_client */;
/*!50503 SET character_set_client = utf8mb4 */;
CREATE TABLE `attendance_dates` (
  `id` int NOT NULL AUTO_INCREMENT,
  `lesson_date` varchar(255) DEFAULT NULL,
  `id_group` int DEFAULT NULL,
  PRIMARY KEY (`id`),
  KEY `FKihwuhjw3ygyyhghe38t79iwxu` (`id_group`)
) ENGINE=MyISAM AUTO_INCREMENT=27 DEFAULT CHARSET=utf8mb4 COLLATE=utf8mb4_0900_ai_ci;
/*!40101 SET character_set_client = @saved_cs_client */;

--
-- Dumping data for table `attendance_dates`
--

LOCK TABLES `attendance_dates` WRITE;
/*!40000 ALTER TABLE `attendance_dates` DISABLE KEYS */;
INSERT INTO `attendance_dates` VALUES (1,'09.09',1),(2,'13.09',1),(3,'16.09',1),(4,'20.09',1),(5,'23.09',1),(6,'27.09',1),(7,'30.09',1),(8,'04.10',1),(9,'07.10',1),(10,'11.10',1),(11,'14.10',1),(12,'18.10',1),(13,'21.10',1),(14,'25.10',1),(15,'28.10',1),(16,'01.11',1),(17,'08.11',1),(18,'11.11',1),(19,'15.11',1),(20,'18.11',1),(21,'22.11',1),(22,'25.11',1),(23,'02.12',1),(24,'06.12',1),(25,'09.09',2),(26,'13.09',2);
/*!40000 ALTER TABLE `attendance_dates` ENABLE KEYS */;
UNLOCK TABLES;

--
-- Table structure for table `course`
--

DROP TABLE IF EXISTS `course`;
/*!40101 SET @saved_cs_client     = @@character_set_client */;
/*!50503 SET character_set_client = utf8mb4 */;
CREATE TABLE `course` (
  `id` int NOT NULL AUTO_INCREMENT,
  `courseName` varchar(255) DEFAULT NULL,
  `course_name` varchar(255) DEFAULT NULL,
  PRIMARY KEY (`id`)
) ENGINE=MyISAM AUTO_INCREMENT=10 DEFAULT CHARSET=utf8mb4 COLLATE=utf8mb4_0900_ai_ci;
/*!40101 SET character_set_client = @saved_cs_client */;

--
-- Dumping data for table `course`
--

LOCK TABLES `course` WRITE;
/*!40000 ALTER TABLE `course` DISABLE KEYS */;
INSERT INTO `course` VALUES (1,'Web-разработка','Web-разработка'),(2,'VR/AR - разработка','VR/AR - разработка'),(3,'Основы программирования на Python','Основы программирования на Python'),(4,'Алгоритмика и логика','Алгоритмика и логика'),(5,'Программирование беспилотных летательных аппаратов','Программирование беспилотных летательных аппаратов'),(6,'Информационная безопасность','Информационная безопасность'),(7,'Системное администрирование','Системное администрирование'),(8,'Робототехника','Робототехника'),(9,'Мобильная разработка','Мобильная разработка');
/*!40000 ALTER TABLE `course` ENABLE KEYS */;
UNLOCK TABLES;

--
-- Table structure for table `hibernate_sequence`
--

DROP TABLE IF EXISTS `hibernate_sequence`;
/*!40101 SET @saved_cs_client     = @@character_set_client */;
/*!50503 SET character_set_client = utf8mb4 */;
CREATE TABLE `hibernate_sequence` (
  `next_val` bigint DEFAULT NULL
) ENGINE=MyISAM DEFAULT CHARSET=utf8mb4 COLLATE=utf8mb4_0900_ai_ci;
/*!40101 SET character_set_client = @saved_cs_client */;

--
-- Dumping data for table `hibernate_sequence`
--

LOCK TABLES `hibernate_sequence` WRITE;
/*!40000 ALTER TABLE `hibernate_sequence` DISABLE KEYS */;
INSERT INTO `hibernate_sequence` VALUES (35);
/*!40000 ALTER TABLE `hibernate_sequence` ENABLE KEYS */;
UNLOCK TABLES;

--
-- Table structure for table `mark`
--

DROP TABLE IF EXISTS `mark`;
/*!40101 SET @saved_cs_client     = @@character_set_client */;
/*!50503 SET character_set_client = utf8mb4 */;
CREATE TABLE `mark` (
  `id` int NOT NULL AUTO_INCREMENT,
  `mark_name` varchar(255) DEFAULT NULL,
  `id_date` int DEFAULT NULL,
  `id_student` bigint DEFAULT NULL,
  PRIMARY KEY (`id`),
  KEY `FKir6wkppso3fty9mvimymgflwv` (`id_date`),
  KEY `FK87lfntktodtgk86slu3gvifqs` (`id_student`)
) ENGINE=MyISAM AUTO_INCREMENT=6 DEFAULT CHARSET=utf8mb4 COLLATE=utf8mb4_0900_ai_ci;
/*!40101 SET character_set_client = @saved_cs_client */;

--
-- Dumping data for table `mark`
--

LOCK TABLES `mark` WRITE;
/*!40000 ALTER TABLE `mark` DISABLE KEYS */;
INSERT INTO `mark` VALUES (1,'Н',1,1),(5,'Н',1,1);
/*!40000 ALTER TABLE `mark` ENABLE KEYS */;
UNLOCK TABLES;

--
-- Table structure for table `message`
--

DROP TABLE IF EXISTS `message`;
/*!40101 SET @saved_cs_client     = @@character_set_client */;
/*!50503 SET character_set_client = utf8mb4 */;
CREATE TABLE `message` (
  `id` int NOT NULL,
  `tag` varchar(255) DEFAULT NULL,
  `text` varchar(255) DEFAULT NULL,
  `user_id` bigint DEFAULT NULL,
  `filename` varchar(255) DEFAULT NULL,
  PRIMARY KEY (`id`),
  KEY `FK70bv6o4exfe3fbrho7nuotopf` (`user_id`)
) ENGINE=MyISAM DEFAULT CHARSET=utf8mb4 COLLATE=utf8mb4_0900_ai_ci;
/*!40101 SET character_set_client = @saved_cs_client */;

--
-- Dumping data for table `message`
--

LOCK TABLES `message` WRITE;
/*!40000 ALTER TABLE `message` DISABLE KEYS */;
INSERT INTO `message` VALUES (1,'new','Some new message',NULL,NULL),(2,'some','Another',NULL,NULL),(3,'some','Another',NULL,NULL),(4,'none','new one',NULL,NULL),(5,'none','more one',NULL,NULL),(8,'some','Message with user',7,NULL),(9,'test','test message',7,NULL),(10,'test','test message',7,NULL),(11,'test','test message',7,NULL),(12,'img','image',7,'e6d2beae-19b7-4a6f-8345-c8a39202b155.23.png'),(13,'img','new image',7,'3b0c091d-405f-4997-b67f-6b350b3fbd24.author.jpg'),(14,'img','new image',7,'7d7c08e1-a213-4f2f-b643-15e876b21960.author.jpg'),(15,'img','another image',7,'a876cf62-9179-4137-a114-c76a8eca889e.chel.png'),(16,'img','another image',7,'cc9942a3-b9f5-4657-980e-03055e5ca64d.chel.png'),(17,'img','ewqeqw',7,'82d88136-3a43-4c96-88da-a2ffbec8cda4.author.jpg'),(18,'','empty',7,NULL),(19,'','',7,'9dcbcffd-e419-4459-8030-e1a1aa21d4a1.author.jpg'),(20,'','',7,'ebb62adc-576d-4738-8d15-d9e5f527a661.author.jpg'),(21,'','',7,'db754490-42cd-4240-a562-ffe71cd48e00.author.jpg'),(22,'','',7,'b7d55369-8bf6-4637-9483-67dcbfa4c2e9.author.jpg'),(23,'','',7,'307751b5-e54f-4801-a6c6-94dd66dc23e2.author.jpg'),(24,'','',7,'fe04adf2-2548-4f7d-becf-99e7905b0c8c.author.jpg'),(25,'','',7,'bd4f17de-2b63-4daa-bf4a-6b20e2ddfd4b.author.jpg'),(26,'','',7,'9fa49312-6a18-4b48-b555-064f43a416e7.author.jpg'),(27,'','',7,'0053cdf7-3255-4039-8b13-16e08a067154.author.jpg'),(28,'','',7,'95a89966-517d-4694-a1e6-1df949a79d3f.author.jpg'),(29,'','',7,'5b607145-22bb-4e65-bcb1-1f7f0fc19d38.author.jpg');
/*!40000 ALTER TABLE `message` ENABLE KEYS */;
UNLOCK TABLES;

--
-- Table structure for table `staff`
--

DROP TABLE IF EXISTS `staff`;
/*!40101 SET @saved_cs_client     = @@character_set_client */;
/*!50503 SET character_set_client = utf8mb4 */;
CREATE TABLE `staff` (
  `id` int NOT NULL AUTO_INCREMENT,
  `birth_date` varchar(255) DEFAULT NULL,
  `diploma_number` varchar(255) DEFAULT NULL,
  `education` varchar(255) DEFAULT NULL,
  `firstname` varchar(255) DEFAULT NULL,
  `qualification` varchar(255) DEFAULT NULL,
  `secondname` varchar(255) DEFAULT NULL,
  `surname` varchar(255) DEFAULT NULL,
  `user_nickname` bigint DEFAULT NULL,
  `group_id` int DEFAULT NULL,
  `birthDate` varchar(255) DEFAULT NULL,
  `diplomaNumber` varchar(255) DEFAULT NULL,
  PRIMARY KEY (`id`),
  KEY `FKo0gr59rdbh775hsrfhsd6hryn` (`user_nickname`),
  KEY `FKgyjfq59adi4ebi7o6i8lyfux1` (`group_id`)
) ENGINE=MyISAM AUTO_INCREMENT=15 DEFAULT CHARSET=utf8mb4 COLLATE=utf8mb4_0900_ai_ci;
/*!40101 SET character_set_client = @saved_cs_client */;

--
-- Dumping data for table `staff`
--

LOCK TABLES `staff` WRITE;
/*!40000 ALTER TABLE `staff` DISABLE KEYS */;
INSERT INTO `staff` VALUES (1,'28.01.2001','test','test','Даниил','test','Александрович','Елизаров',33,1,NULL,NULL),(2,'test','test','test','Даниил','test','Романович','Боров',32,NULL,NULL,NULL),(3,'test','test','test','Даниил','test','Андреевич','Литвиненко',31,NULL,NULL,NULL),(4,'test','test','test','Даниил','test','Владимирович','Парфентьев',30,NULL,NULL,NULL),(6,'test','test','test','Владислав','test','Валерьевич','Буистов',NULL,NULL,NULL,NULL),(7,'test','test','test','Реда','test','Валидович','Абу-Хамди',NULL,NULL,NULL,NULL),(8,'test','test','test','Елена','test','Николаевна','Дедова',NULL,NULL,NULL,NULL),(9,'test','test','test','Фаррух','test','Фарходович','Собиров',NULL,NULL,NULL,NULL),(10,'test','test','test','Андрей','test','Валентинович','Дубинин',NULL,NULL,NULL,NULL),(11,'test','test','test','Александр','test','Викторович','Бобровский',NULL,NULL,NULL,NULL),(12,'test','test','test','Денис','test','Ярославович','Околот',NULL,NULL,NULL,NULL),(13,'test','test','test','Рафаел','test','Ибрагимович','Велиев',NULL,NULL,NULL,NULL),(14,'test','test','test','Евгения','test','Павловна','Эм',NULL,NULL,NULL,NULL);
/*!40000 ALTER TABLE `staff` ENABLE KEYS */;
UNLOCK TABLES;

--
-- Table structure for table `student_groups`
--

DROP TABLE IF EXISTS `student_groups`;
/*!40101 SET @saved_cs_client     = @@character_set_client */;
/*!50503 SET character_set_client = utf8mb4 */;
CREATE TABLE `student_groups` (
  `id` int NOT NULL AUTO_INCREMENT,
  `decree_date` varchar(255) DEFAULT NULL,
  `decree_number` varchar(255) DEFAULT NULL,
  `education_form` varchar(255) DEFAULT NULL,
  `group_name` varchar(255) DEFAULT NULL,
  `hours` varchar(255) DEFAULT NULL,
  `program_name` varchar(255) DEFAULT NULL,
  `teacher` varchar(255) DEFAULT NULL,
  `id_user` bigint DEFAULT NULL,
  `id_course` int DEFAULT NULL,
  PRIMARY KEY (`id`),
  KEY `FKaq2k3sb4ke10a6hycl39pd84o` (`id_course`),
  KEY `FKi5kyfjh6eptwsejtpj0bxr7uv` (`id_user`)
) ENGINE=MyISAM AUTO_INCREMENT=35 DEFAULT CHARSET=utf8mb4 COLLATE=utf8mb4_0900_ai_ci;
/*!40101 SET character_set_client = @saved_cs_client */;

--
-- Dumping data for table `student_groups`
--

LOCK TABLES `student_groups` WRITE;
/*!40000 ALTER TABLE `student_groups` DISABLE KEYS */;
INSERT INTO `student_groups` VALUES (1,'ewqe','ewqe','eq','Web-1','144','ewq','Елизаров Даниил Александрович',NULL,1),(2,'eqwee','wfsd','rryrt','Web-2','144','hgfg','Елизаров Даниил Александрович',NULL,1),(3,'уйц','уй','уйц','VR-1','144','eqw','Парфентьев Даниил Владимирович',NULL,2),(4,'уйц','уцй','уйц','VR-2','144','eqw','Парфентьев Даниил Владимирович',NULL,2),(5,'321','ыф','выф','VR-3','144','312','Парфентьев Даниил Владимирович',NULL,2),(6,'eqw','eqw','eq','Python-1','144','eqw','Абу-Хамди Реда Валидович',NULL,3),(7,'eqw','eqw','eqw','Python-2','144','eqw','Буистов Владислав Валерьевич',NULL,3),(8,'eqw','eqw','eqw','Python-3','144','eq','Буистов Владислав Валерьевич',NULL,3),(9,'eqw','eqw','eqw','Python-4','144','eq','Буистов Владислав Валерьевич',NULL,3),(10,'eqw','eqw','eqw','Python-5','144','qe','Велиев Рафаел Ибрагимович',NULL,3),(11,'eqw','eqw','eqw','Python-6','144','eq','Дедова Елена Николаевна',NULL,3),(12,'eqw','eqw','eq','Cyber-2','144','ewq','Собиров Фаррух Фарходович',NULL,6),(13,'eqw','eqw','eqw','Cyber-3','144','eqw','Собиров Фаррух Фарходович',NULL,6),(14,'eqw','eqw','eqw','AI-1','144','ewq','Боров Даниил Романович',NULL,NULL),(15,'eqw','eqw','eqw','Mob-1','144','312','Литвиненко Даниил Андреевич',NULL,9),(16,'eqw','eqw','eqw','Mob-2','144','312','Литвиненко Даниил Андреевич',NULL,9),(17,'eqw','eqw','eqw','Mob-3','144','312','Литвиненко Даниил Андреевич',NULL,9),(18,'eqw','ewq','eqw','Mob-4','144','312','Елизаров Даниил Александрович',NULL,9),(19,'eqw','eqw','eqw','Samsung-1','144','312','Дубинин Андрей Валентинович',NULL,NULL),(20,'eqw','eqw','eqw','Sys-1','144','eqw','Бобровский Александр Викторович',NULL,7),(21,'eqw','eqw','eqw','Sys-2','144','ewq','Бобровский Александр Викторович',NULL,7),(22,'eqw','eqw','eqw','Sys-3','144','eqw','Околот Денис Ярославович',NULL,7),(23,'eqw','eqw','eqw','Sys-4','144','eqw','Околот Денис Ярославович',NULL,7),(24,'eqw','eqw','eqw','UAV-1','144','eqw','Абу-Хамди Реда Валидович',NULL,5),(25,'eqw','eqw','eqw','UAV-2','144','eqw','Абу-Хамди Реда Валидович',NULL,5),(26,'eqw','ewq','eqw','Arduino-1','144','ewqe','Абу-Хамди Реда Валидович',NULL,5),(27,'312','eqw','eqw','Alg-1','144','eqw','Эм Евгения Павловна',NULL,4),(28,'312','eqw','ewq','Alg-2','144','ewq','Эм Евгения Павловна',NULL,4),(29,'eqw','eq','eqw','Alg-3','144','eqw','Эм Евгения Павловна',NULL,4),(30,'312','eqw','eqw','Alg-4','144','eqw','Эм Евгения Павловна',NULL,4),(31,'eqw','eqw','eqw','Alg-5','144','eqw','Эм Евгения Павловна',NULL,4),(32,'eqw','ewq','ewq','Python-7','144','eqw','Велиев Рафаел Ибрагимович',NULL,3),(33,'eq','ewq','ewq','Alg-6','144','eqw','Эм Евгения Павловна',NULL,4),(34,'eqw','ewq','ewq','Alg-7','144','eqw','Эм Евгения Павловна',NULL,4);
/*!40000 ALTER TABLE `student_groups` ENABLE KEYS */;
UNLOCK TABLES;

--
-- Table structure for table `students`
--

DROP TABLE IF EXISTS `students`;
/*!40101 SET @saved_cs_client     = @@character_set_client */;
/*!50503 SET character_set_client = utf8mb4 */;
CREATE TABLE `students` (
  `id` bigint NOT NULL AUTO_INCREMENT,
  `email` varchar(255) CHARACTER SET utf8mb4 COLLATE utf8mb4_0900_ai_ci DEFAULT NULL,
  `firstname` varchar(255) CHARACTER SET utf8mb4 COLLATE utf8mb4_0900_ai_ci DEFAULT NULL,
  `phone_number` varchar(255) CHARACTER SET utf8mb4 COLLATE utf8mb4_0900_ai_ci DEFAULT NULL,
  `school` varchar(255) CHARACTER SET utf8mb4 COLLATE utf8mb4_0900_ai_ci DEFAULT NULL,
  `secondname` varchar(255) CHARACTER SET utf8mb4 COLLATE utf8mb4_0900_ai_ci DEFAULT NULL,
  `student_class` varchar(255) CHARACTER SET utf8mb4 COLLATE utf8mb4_0900_ai_ci DEFAULT NULL,
  `surname` varchar(255) CHARACTER SET utf8mb4 COLLATE utf8mb4_0900_ai_ci DEFAULT NULL,
  `certificate_number` varchar(255) CHARACTER SET utf8mb4 COLLATE utf8mb4_0900_ai_ci DEFAULT NULL,
  `date_of_birth` varchar(255) CHARACTER SET utf8mb4 COLLATE utf8mb4_0900_ai_ci DEFAULT NULL,
  `parent` varchar(255) CHARACTER SET utf8mb4 COLLATE utf8mb4_0900_ai_ci DEFAULT NULL,
  `id_group` int DEFAULT NULL,
  `id_staff` int DEFAULT NULL,
  `user_id` bigint DEFAULT NULL,
  `id_course` int DEFAULT NULL,
  PRIMARY KEY (`id`),
  KEY `FKp0ww808uob44i4wd8bh1xd2nm` (`user_id`),
  KEY `FK9fca1gt4tyeirxex1g1i0r9a8` (`id_course`),
  KEY `FKk245tueo3fn68rtmu0tpu2p23` (`id_group`),
  KEY `FKdsd025nej12iegpka601wa9rq` (`id_staff`)
) ENGINE=MyISAM AUTO_INCREMENT=369 DEFAULT CHARSET=utf8mb4 COLLATE=utf8mb4_general_ci;
/*!40101 SET character_set_client = @saved_cs_client */;

--
-- Dumping data for table `students`
--

LOCK TABLES `students` WRITE;
/*!40000 ALTER TABLE `students` DISABLE KEYS */;
INSERT INTO `students` VALUES (1,'lesia_1988@mail.ru','Даниил','89114647180','МАОУ СОШ №6','Артемович','7','Варламов','3904080093','13.08.2009','Грригерт Олеся Геннадьевна',1,1,NULL,1),(2,'elizeagle1985@gmail.com','Илья','89114982886','МАОУ СОШ №56','Сергеевич','7','Епифанов','3904048353','01.04.2009','Агеева Елизавета Сергеевна',1,1,NULL,1),(3,'elvikova@mail.ru','Александр','89097939620','МАОУ СОШ №28','Михайлович','7','Ковалев','3913005065','31.07.2009','Ковалева Эльвира Есеновна',1,1,NULL,1),(4,'bologova1@rambler.ru','Егор','89622599855','МАОУ СОШ №6','Алексеевич','7','Комаров','3904045563','03.09.2009','Комаров Ольга Константиновна',1,1,NULL,1),(5,'uliyalel130685@gmail.com','Иван','89245743993','МАОУ СОШ №6','Антонович','6','Лелеков','3904089854','21.12.2009','Лелекова Юлия Вячеславовна',1,1,NULL,1),(6,'mako.ru75@gmail.com','Даниил','89520542600','МАОУ СОШ №46','Валентинович','7','Макаров','3904077625','19.11.2009','Макаров Дмитрий Валентинович',1,1,NULL,1),(7,'otorovrustam15@gmail.com','Адам','89527965494','МАОУ СОШ №6','Рустамович','7','Оторов','3904050655','09.05.2009','Оторов Рустам',1,1,NULL,1),(8,'smilchina@list.ru','Алиса','89118562434','МАОУ СОШ №6','Александровна','7','Охотникова','3904002559','06.08.2009','Мильчина Светлана Александровна',1,1,NULL,1),(9,'petkus83@mail.ru','Валерия','89211056302','МАОУ СОШ №26','Евгеньевна','7','Петрунина','3904053266','23.07.2009','Петрунина Евгения Викторовна',1,1,NULL,1),(10,'','Никита','89114696437','МАОУ СОШ №46','Игоревич','9','Слезин','3904022547','28.04.2009','Слезина Евгения Валерьевна',1,1,NULL,1),(11,'sbitnevaid@mail.ru','Вячеслав','89114892161','МАОУ СОШ №3','Владимирович','7','Сбитнев','3904054653','13.03.2010','Сбитнева Ирина Дмитриевна',1,1,NULL,1),(12,'refmashina@mail.ru','Даниил','89114915819','МАОУ СОШ №46','Игоревич','7','Серафимович','3904043476','01.10.2009','Серафимович Игорь Иванович',1,1,NULL,1),(13,'nestle-e-e@mail.ru','Данил','89622635815','МАОУ СОШ №3','Сергеевич','7','Чернышев','3904013424','05.05.2009','Чернышева Юлия Васильевна',1,1,NULL,1),(14,'arventeva13@gmail.com','Валерия','89531106281','МАОУ СОШ №58','Александровна','9','Арвентьева','2222222222','13.03.2007','Арвентьев Александр Валентинович',2,1,NULL,1),(15,'mn_bliznichenko@mail.ru','Анастасия','89005683608','МАОУ СОШ №46','Михайловна','8','Близниченко','3904043429','15.07.2008','Близниченко Михаил Николаевич',2,1,NULL,1),(16,'d11081997@gmail.com','Дмитрий','89520523191','МАОУ лицей №23','Андреевич','9','Давыденко','3904008300','17.03.2007','Давыденко Ирина Николаевна',2,1,NULL,1),(17,'zernovay@yandex.ru','Артем','89062196813','МАОУ СОШ №46','Михайлович','8','Зернов','3904017886','29.07.2008','Зернова Юлия Николаевна',2,1,NULL,1),(18,'venera-ergasheva@mail.ru','Ильяс','89316030830','МАОУ СОШ №57','Ринатович','8','Каримов','3904003650','08.12.2008','Каримова Венера Тухтасиновна',2,1,NULL,1),(19,'k.bella1974@mail.ru','Василий','89527900364','МАОУ  СОШ №39','Васильевич','8','Кривоносов','3904050655','14.12.2007','Кривоногова Изабелла Игоревна',2,1,NULL,1),(20,'pogidog.best@gmail.com','Дмитрий','89005616325','МАОУ СОШ №21','Иванович','10','Леонов','3904039876','30.08.2005','Леонов Иван Николаевич',2,1,NULL,1),(21,'olej14111980@gmail.com','Александр','89520506902','МАОУ СОШ №39','Михайлович','9','Макаренков','3904030927','25.09.2007','Макаренкова Олеся Александровна',2,1,NULL,1),(22,'olej14111980@gmail.com','Алексей','89520506902','МАОУ СОШ №39','Михайлович','9','Макаренков','3904030945','25.09.2007','Макаренкова Олеся Александровна',2,1,NULL,1),(23,'dms73@inbox.ru','Ярослав','89216137278','МАОУ лицей №23','Денисович','8','Мелихов','3904051772','15.12.2007','Мелихов Денис Сергеевич',2,1,NULL,1),(24,'robinzonrecords@gmail.com','Богдан','89216107608','МАОУ СОШ №46','Юрьевич','9','Подолян','3904086763','22.02.2007','Подолян Светлана Валентиновна',2,1,NULL,1),(25,'plaksina82@gmail.com','Владимир','89588565622','МАОУ СОШ №29','Андреевич','8','Плаксин','8206467667','12.06.2008','Плаксина Елена Анатольевна',2,1,NULL,1),(26,'oksanashuwalowa@gmail.com','Максим','89062173422','МАОУ СОШ №12','Максимович','9','Мельников','3904084437','19.08.2007','Мельников Максим Владимирович',2,1,NULL,1),(27,'o.titova0112@gmail.com','Иван','89527960297','МАОУ СОШ №50','Игоревич','9','Титов','3904035942','18.11.2007','Титова Ольга Юрьевна',2,1,NULL,1),(28,'farida.ozodieva81@mail.ru','Фарахноз','89216039091','МАОУ СОШ 29','Назареновна','7','Азизмамадова','3913008312','17.06.2010','Озодиева Фарида Кадамшоевна',3,4,NULL,2),(29,'marina76/76@mail.ru','Егор','89062173166','МАОУ СОШ 29','Владимирович','6','Басалыга','3904084339','21.10.2009','Басалага Марина Викторовна',3,4,NULL,2),(30,'evdoxa1985@mail.ru','Татьяна','89622508867','МАОУ СОШ 29','Викторовна','8','Бессмертная','3904027490','03.07.2008','Бессмертная Татьяна Викторовна',3,4,NULL,2),(31,'vitalin72@mail.ru','Андрей','89097766930','МАОУ СОШ  56','Витальевич','5','Бобрик','3904020086','20.09.2011','Бобрик Виталий Сергеевич',3,4,NULL,2),(32,'nat21@inbox.ru','Степан','89212647908','МАОУ СОШ с УИОП','Александрович','8','Гончаревич','3904067472','06.09.2008','Натепрова Евгения Олеговна',3,4,NULL,2),(33,'solnce_xxx@list.ru','Антон','89316070830','МАОУ СОШ 26','Сергеевич','7','Громыко','3904044122','27.03.2009','Антонова Ирина Александровна',3,4,NULL,2),(34,'azverkova@bk.ru','Олег','89216133080','МАОУ СОШ  56','Владиславович','8','Зверков','3904078481','13.08.2008','Зверкова Анна Анатольевна',3,4,NULL,2),(35,'lyubakl@yandex.ru','Кирилл','89114682192','','Андреевич','9','Клюкин','3904024180','14.03.2007','Клюкина Любовь Михайловна',3,4,NULL,2),(36,'mila.prikhodko.1984@mail.ru','Дмитрий','89216172439','МАОУ СОШ 29','Николаевич','9','Ковалев','3904000719','07.09.2007','Приходько Людмила Николаевна',3,4,NULL,2),(37,'markuviy@mail.ru','Матвей','89527955262','МАОУ СОШ С УИОП','Андреевич','7','Куражев','3904051848','25.05.2009','Куражева Елена Валерьевна',3,4,NULL,2),(38,'696139@bk.ru','Матвей','89965213920','МАОУ СОШ 29','Евгеньевич','9','Овчинников','3904077254','23.01.2007','Жданова Ирина Сергеевна',3,4,NULL,2),(39,'pivowar@mail.ru','Александр','89118612422','МАОУ СОШ 57','Сергеевич','9','Пивоваров','3901000936','13.01.2008','Пивоваров Сергей Павлович',3,4,NULL,2),(40,'evgenia-m@yandex.ru','Александра','89062380851','МАОУ лицей 49','Борисовна','7','Хорольская','3904011913','23.11.2008','Хорольская Евгения Вячеславовна',3,4,NULL,2),(41,'vysoczkaya.1991@gmail.com','Ольга','89110731052','МАОУ СОШ №46','Александровна','6','Высоцкая','3904034401','22.05.2010','Высоцкая Валентина Викторовна',4,4,NULL,2),(42,'znv81.10@mail.ru','Валерий','89217119717','МАОУ СОШ №6','Владимирович','7','Доткаев','3904027822','04.01.2009','Зимарева Наталья Валерьевна',4,4,NULL,2),(43,'kacertg@mail.ru','Эрик','89520512611','МАОУ ЛИЦЕЙ №23','Дмитриевич','7','Кацер','3904045748','08.10.2009','Кацер Татьяна Геннадьевич',11,8,NULL,3),(44,'koirakh.asya@mail.ru','Элина','89097791259','МАОУ СОШ №28','Олеговна','6','Койрах','3904062159','29.05.2010','Койрах Асия Альфредовна',4,4,NULL,NULL),(45,'talya198704@mail.ru','Анастасия','89502528878','МАОУ СОШ №46','Романовна','7','Кравцевич','3904080781','13.04.2009','Кравцевич Наталья Сергеевна',4,4,NULL,NULL),(46,'elisa-81@mail.ru','Михаил','89211071077','МАОУ СОШ С УИОП №6','Витальевич','7','Малащинский','3904038960','23.02.2009','Малащинская Эльза Владиславовна',4,4,NULL,NULL),(47,'vardui.zazyan@bk.ru','Нарек','89212692127','МАОУ СОШ №3','Багратович','7','Огмрацян','3912000775','31.10.2008','Зазян  Вардуи Гагиковна',4,4,NULL,NULL),(48,'penyaz_87@mail.ru','Денис','89521194706','МАОУ СОШ №3','Сергеевич','7','Пенязь','3904067933','29.07.2009','Пенязь Татьяна Сергеевна',4,4,NULL,NULL),(49,'kcsmnvp@mail.ru','Вячеслав','89114579730','МАОУ СОШ №56','Валереьвич','6','Петоченко','3904016954','15.01.2010','Ппеточенко Наталья Валерьевна',4,4,NULL,NULL),(50,'tremba.eva@yandex.ru','Илья','89114785426','МАОУ СОШ №3','Максимович','7','Тремба','3904018367','12.03.2009','Тремба Евгения Владимировна',4,4,NULL,NULL),(51,'','Игорь','','МАОУ СОШ №56','Арсеньевич','5','Трутнев','3904005441','05.06.2010','',4,4,NULL,NULL),(52,'aralovsardoo@gmail.com','Мадина','89622575882','МАОУ СОШ №3','Бахтиёровна','8','Аралова','3904088456','18.04.2008','Аралова Бахтиёр Норкулович',5,4,NULL,NULL),(53,'ludmila_detozkina@mail.ru','Софья','89097990393','МАОУ СОШ №14','Максимовна','8','Баклина','3904033114','18.09.2008','Паклина Людмила Евсеевна',5,4,NULL,NULL),(54,'gladkikhtany@gmail.com','Артём','89097989680','МАОУ СОШ №6','Игоревич','10','Гладких','3904039550','17.01.2007','Гладких Татьяна Борисовна ',5,4,NULL,NULL),(55,'alexader190283@yandex.ru','Константин','89527918292','МАОУ СОШ №3','Александрович','8','Горбачев','3904072648','05.10.2008','Горбачева Елена Анатольевна ',5,4,NULL,NULL),(56,'elvira.goldina@list.ru','Даниэль','89097877137','МАОУ СОШ №46','Денисович','8','Дейкин','3904035887','30.01.2009','Гольдина Эльвира Михайловна',5,4,NULL,NULL),(57,'marina15-75@mail.ru','Дмитрий','89521138432','МАОУ СОШ №39','Павлович','11','Дергач','3904017006','18.03.2005','Дергач Марина Васильевна',5,4,NULL,NULL),(58,'agaidarova39@gmail.com','Авраам','89622552791','МАОУ СОШ №6','Акмалевич','9','Касымбаев','3904045938','23.08.2007','Агайдарова Карина Абайевна ',5,4,NULL,NULL),(59,'zenau@bk.ru','Георгий','89062113045','МАОУ СОШ №29','Алексеевич','8','Клетнов','3904000510','19.04.2008','Ублинская Евгения Владиславовна ',5,4,NULL,NULL),(60,'sezar-kamchatka@bk.ru','Георгий','89062352238','МАОУ СОШ №59','Олегович','8','Лема','3904049754','25.07.2008','Лема Анастасия Васильевна ',5,4,NULL,NULL),(61,'exteel21@yandex.ru','Максим','89520542398','Калининградский бизнес колледж','Дмитриевич','1 курс','Макарцев','3913001913','16.11.2006','Черепенникова Ольга АЛексеевна',5,4,NULL,NULL),(62,'marinananikooshina@gmail.com','Эдуард','89520583084','МАОУ СОШ №56','Максимович','8','Мучко','3904086863','07.11.2007','Мучко Марина Владимирович',5,4,NULL,NULL),(63,'sinyaeva81.81@mail.ru','Дмитрий','89316006136','МАОУ СОШ №14','Иванович','8','Синяев','3904033860','20.07.2008','Синяева Натлья Евсеевна',5,4,NULL,NULL),(64,'g-natali1981@mailru','Елена','89059669505','МАОУ СОШ №25','Сергеевна','9','Сороковых','3904085852','19.11.2007','Сороковых Наталья Александровна',5,4,NULL,NULL),(65,'fisherviktor1984@mail.ru','Даниил','89216088390','МАОУ СОШ №57','Викторович','10','Фишер','3904032580','26.04.2006','Фишер Виктор Сергеевич',5,4,NULL,NULL),(66,'farida.ozodieva81@mail.ru','Муъиз','89216039091','МАОУ СОШ №29','Назаренович','2','Азизмамадов','3913008313','30.09.2014','Озодиева Фарида Кадамшоевна ',27,14,NULL,NULL),(67,'missnat@mail.ru','Владимир','89052411372','МАОУ СОШ №39','Ильич','4','Артемьев','3904011097','06.11.2012','Косова Наталья Вячеславовна',27,14,NULL,NULL),(68,'Kalinkovas@mail.ru','Вера','89211003053','МАОУ СОШ №39','Владимировна','4','Берсенева','3904028638','17.12.2012','Берсенева Светлана Анатольевна',27,14,NULL,NULL),(69,'avgrigoyeva1981@gmail.com','Серафим','89088766151','МАОУ СОШ №39','Вячеславович','4','Горшков','3904075251','02.03.2012','Григорьева Анна Валерьевна',27,14,NULL,NULL),(70,'annazelinskaa78@gmail.com','Вячеслав','89673511202','МАОУ СОШ №39','Александрович','4','Зелинский','3904052172','09.01.2013','Зелинская Анна Юрьевна',27,14,NULL,NULL),(71,'arinazibert62790@gmail.com','Владислав','89800554260','МАОУ СОШ №39','Витальевич','4','Зиберт','3904003043','03.10.2012','Зиберт Арина Юрьевна',27,14,NULL,NULL),(72,'zalydalinamv@mail.ru','Алексей','89211020204','МАОУ СОШ №39','Игоревич','4','Лапшин','3913000783','25.09.2012','Залыгалина Мария Викторовна',27,14,NULL,NULL),(73,'koshkabelaya13@gmail.ru','Марк','89245552033','МАОУ СОШ №39','Александрович','4','Макаров','3904012805','19.09.2012','Макарова Марина Михайловна',27,14,NULL,NULL),(74,'tatianka.84@list.ru','Марк','89210070940','МАОУ СОШ №39','Андреевич','4','Протасов','3904046327','16.01.2012','Протасова Татьяна Викторовна',27,14,NULL,NULL),(75,'anna-saxonova@inbox.ru','Егор','89118595824','МАОУ ЛИЦЕЙ №23','Денисович','4','Саксонов','3904060497','20.03.2012','Саксонова Анна Викторовна ',27,14,NULL,NULL),(76,'sevastjanova78@mail.ru','Матвей','89602300','МАОУ СОШ №6','Денисович','4','Севастьянов','3904048365','12.02.2012','Севастьянова Виктория Юрьевна ',27,14,NULL,NULL),(77,'fmaiya@yandex.ru','Кирилл','89062314878','МАОУ СОШ №28','Юрьевич','2','Федюк','3904076680','04.06.2014','Федюк Майя Станиславовна ',27,14,NULL,NULL),(78,'carpets1@yandex.ru','Артём','89118689148','МАОУ СОШ №58','Игоревич','4','Самоделов','3904030416','13.04.2012','Самоделова Оксана Александровна',27,14,NULL,NULL),(79,'elizeagle1985@gmail.com','Алексей','89114982886','МАОУ СОШ №56','Александрович','2','Агеев','3904048354','20.06.2014','Агеева Елизавета Сергеевна ',28,14,NULL,NULL),(80,'balashovakatya87@mail.ru','Александр','89218516301','МАОУ СОШ №39','Сергеевич','2','Балашов','3904046085','08.05.2014','Балашова Екатерина Александровна ',28,14,NULL,NULL),(81,'elena_uryevna@mail.ru','Иван','89118516561','МАОУ СОШ №39','Алексеевич','2','Ванин','3904043746','28.02.2014','Ванина Елена Юрьевна',28,14,NULL,NULL),(82,'cvms.kagarmanova@mail.ru','Арина','89216194260','МАОУ СОШ №39','Руслановна','3','Кагарманова','3904055152','19.12.2012','Кагарманова Александра Николаевна',28,14,NULL,NULL),(83,'nadezdakarpenko02077@gmail.com','Анастасия','89114799918','МАОУ СОШ №39','Антоновна','2','Карпенко','3904075323','23.04.2014','Карпенко Надежда Дмитриевна ',28,14,NULL,NULL),(84,'bivol.ksyu@inbox.ru','Максим','89520515944','МАОУ СОШ №39','Эдуардович','3','Климов','3904032493','19.03.2013','Бивол Ксения Петровна ',28,14,NULL,NULL),(85,'miram_ls@mail.ru','Максим','89217126333','МАОУ СОШ №39','Дмитриевич','3','Комаров','3904020000','12.06.2013','Мирам Лилия Сергеевна ',28,14,NULL,NULL),(86,'anna1000.93@mail.ru','Александр','89062339803','МАОУ СОШ №24','Егорович','2','Кривонос','3904052629','30.03.2014','Лазарева Анна Владимировна ',28,14,NULL,NULL),(87,'www.kushner.86@mail.ru','Максим','89110739300','МАОУ СОШ №46','Васильевич','3','Кушнер','3904036796','22.10.2013','Кушнер Василий Борисович',28,14,NULL,NULL),(88,'ylua.meshkova1983@gmail.com','Дмитрий','89211061082','МАОУ СОШ №46','Александрович','2','Мешков','3904008295','24.01.2014','Мешкова Юлия Васильевна',28,14,NULL,NULL),(89,'novikova.lyudmila.1984@mail.ru','Марина','89062337100','МАОУ СОШ №39','Дмитриевна','3','Новикова','3904020830','16.05.2013','Новикова Людмила Владимировна',28,14,NULL,NULL),(90,'','Виктория','89527948854','МАОУ СОШ №39','Ивановна','3','Туркина','3904071818','16.11.2012','Туркина Марина Регимантовна',28,14,NULL,NULL),(91,'ura_1@mail.ru','Анастасия','89005688147','МАОУ СОШ №39','Андреевна','3','Ураева','3904027232','19.08.2013','Верещагина Татьяна Геннадьевна',28,14,NULL,NULL),(92,'marina_doroshevich@mail.ru','Иван','89658000800','МАОУ СОШ №46','Алексеевич','2','Цыганков','3904087195','08.08.2014','Дорошевич Марина Ивановна ',28,14,NULL,NULL),(93,'jakov_babich@mail.ru','Роман','89114612217','МАОУ СОШ №3','Яковлевич','4','Бабич','3904010345','06.01.2013','Бабич Яков Геннадьевич',29,14,NULL,NULL),(94,'arturwinkler39@mail.ru','Игорь','89052410884','МАОУ СОШ №29','Артурович','3','Винклер','3904064573','30.08.2013','Винклер Артур Герберторович ',29,14,NULL,NULL),(95,'irina_vip39@mail.ru','Мирослава','89062102633','МАОУ СОШ №48','Игоревна','4','Выборова','3904052548','15.05.2012','Выборова Ирина Андреевна',29,14,NULL,NULL),(96,'n.gubaydulina74@gmail.com','Данис','89518077888','МАОУ гимназия №22','Шамилевич','4','Губайдулин','3904049873','09.01.2012','Губайдуллина Наталья Владимировна',29,14,NULL,NULL),(97,'marina.dorosh@inbox.ru','Максим','89118677423','МАОУ СОШ №46','Дмитриевич','4','Дорош','3904009650','02.12.2011','Дорош Марина Валерьевна',29,14,NULL,NULL),(98,'katerinanovichkova@rambler.ru','Лев','89110725255','МАОУ СОШ №15','Данилович','4','Желнин','3904050933','13.02.2012','Желнин Данил Валерьевич ',29,14,NULL,NULL),(99,'lidiasakh@mail.ru','Егор','89114698610','МАОУ гимназия №22','Романович','4','Золотько','3904017369','10.07.2012','Золотько Лидия Юрьевна',29,14,NULL,NULL),(344,NULL,'Александра','89114709006','МАОУ СОШ №46','Сергеевна','3','Ангелова','3904010131','07.07.2012','Ангелова Вероника Петровна',30,14,NULL,NULL),(101,'jenntish@mail.ru','Михаил','89814574781','МАОУ СОШ №29','Николаевич','4','Крючков','3904053194','07.03.2012','Воробьева Евгения Александровна',29,14,NULL,NULL),(102,'vbyfb@rambler.ru','Алиса','89114588905','МАОУ СОШ №46','Алексеевна','2','Новикова','3904007002','28.10.2014','Новикова Наталья Игоревна',29,14,NULL,NULL),(103,'sp885@mail.ru','Артем','89521199309','МАОУ СОШ №29','Сергеевич','4','Попов','3904037010','18.06.2012','Попова Татьяна Юрьевна',29,14,NULL,NULL),(104,'tanya.chernova.85@inbox.ru','Арсений','89217106660','МАОУ СОШ №57','Викторович','4','Скорохватов','3904025619','16.01.2012','Скорохватова Татьяна Владимировна',29,14,NULL,NULL),(105,'i.o.smirnova@mail.ru','Алексей','89216114794','МАОУ СОШ №29','Сергеевич','3','Смирнов','3904009697','30.09.2013','Смирнова Ирина Олеговна',29,14,NULL,NULL),(106,'olgatarassova1979@gmail.com','Андрей','89118564039','МАОУ СОШ №46','Дмитриевич','3','Тарасов','3904045806','27.11.2013','Тарасова Ольга Владимировна',29,14,NULL,NULL),(107,'elenaginzburg00@gmail.com','Яков','89216140002','МАОУ СОШ №28','Артемович','2','Федотов','3904054059','12.09.2014','Гинзбург Елена Соломатовна ',29,14,NULL,NULL),(108,'anorovaanna@mail.ru','Дмитрий','89316031633','МАОУ СОШ №39','Александрович','39','Аноров','3904055545','30.04.2013','Анорова Анна Александровна',30,14,NULL,NULL),(109,'labomila2810@gmail.com','Светослав','89622520215','МАОУ СОШ №39','Арвидо','39','Венцловас-Маёрс','3904019176','23.01.2012','Венцловене-Маёрс Лилия Ивановна',30,14,NULL,NULL),(110,'mariya50196@gmail.com','Константин','89009182044','МАОУ СОШ №39','Олегович','39','Ефимов','3904086016','28.06.2013','Иоффе Мария Игоревна ',30,14,NULL,NULL),(111,'olga_kotyakova@mail.ru','Александр','89211734158','МАОУ СОШ №39','Юрьевич','39','Иванов','3904018628','28.09.2013','Иванова Ольга Владимировна ',30,14,NULL,NULL),(112,'sokolova.1984@mail.ru','Михаил','89157452341','МАОУ СОШ №39','Алексеевич','39','Соколов','3904048728','30.10.2013','Соколова Анастасия Владимировна',30,14,NULL,NULL),(113,'dash850667@gmail.com','Родион','89218547562','МАОУ СОШ №39','Александрович','39','Тарабанов','39004074278','18.07.2013','Тарабанова Дарья Сергеевна',30,14,NULL,NULL),(114,'pianofevte2002@mail.ru','Станислав','89527936396','МАОУ СОШ №39','Вячеславович','39','Солодский','3904035513','23.06.2013','Эпп Светлана Алекснадровна ',30,14,NULL,NULL),(115,'letoklgd2017@ya.ru','Артем','89316113679','МАОУ СОШ №6','Алексеевич','6','Романенко','3904069485','11.09.2013','Романенко Ольгак Владимировна ',30,14,NULL,NULL),(116,'sas_org@list.ru','Дмитрий','89217117906','МАОУ СОШ №56','Алексеевич','56','Сагайдак','3904069148','17.08.2014','Сагайдак Алексей Сергеевич',28,14,NULL,NULL),(117,'lubasemenova415@@gmail.com','Владислав','89521175403','МАОУ СОШ №6','Сергеевич','6','Семёнов','3904050210','15.11.2013','Семёнова Любовь Анатольевна',30,14,NULL,NULL),(118,'muxsinsomir1308@gmail.com','Мухсина','89622604684','МАОУ СОШ №29','Икрамхожаевна','4','Абазова','3904069148','13.08.2011','Исматуллаева Гулбахар Асатулалаевна',31,14,NULL,NULL),(119,'n-a-d-i-@mail.ru','Кристина','89097995259','МАОУ ЛИЦЕЙ №23','Николаевна','6','Захарова','3904013276','08.05.2010','Захарова Надежда Львовна',31,14,NULL,NULL),(120,'e-korguzenko@mail.ru','Алексей','89097764418','МАОУ СОШ №46','Андреевич','6','Коргузенко','3904042047','23.11.2010','Коргузенко Елена Даниловна',31,14,NULL,NULL),(121,'egomirau@gmail.com','Егор','89632969937','МАОУ СОШ №29','Юрьевич','6','Мирау','3904035576','14.11.2010','Мирау Юрий Петрович',31,14,NULL,NULL),(122,'mitk-zhanna@yandex.ru','Дмитрий','89062342344','МАОУ СОШ №29','Александрович','6','Митько','3904005289','17.08.2010','Митько Жанна Олеговна',31,14,NULL,NULL),(123,'luka_krasavka@mail.ru','Алина','89114555585','МАОУ ЛИЦЕЙ №23','Вадимовна','5','Муртазина','3904011039','05.03.2011','Муртазина Юлия Александровна',31,14,NULL,NULL),(124,'valentina2108@rambler.ru','Софья','89118527548','МАОУ СОШ №33','Динаровна','5','Набиуллина','3904006648','26.05.2010','Набиуллина Валентина Николаевна',31,14,NULL,NULL),(125,'veraosten@yandex.ru','Марк','89052471819','МАОУ гимназия №32','Андреевич','5','Остен','3904029927','04.12.2010','Остен Вера Алексеевна',31,14,NULL,NULL),(126,'msn78@inbox.ru','Руслан','89622517278','МАОУ СОШ №56','Антонович','5','Пластинин','3904030078','15.06.2011','Абросимова Светлана Николаевна',31,14,NULL,NULL),(127,'vika73-08@mail.ru','Юлия','89814604280','МАОУ СОШ №46','Кирилловна','6','Раздьяконова','3904003156','29.12.2010','Раздъяконова Виктория Валерьевна',31,14,NULL,NULL),(128,'i.o.smirnova@mail.ru','Александр','89216114794','МАОУ СОШ №29','Сергеевич','6','Смирнов','3904009699','29.08.2010','Смирнова Ирина Олеговна',31,14,NULL,NULL),(129,'krasnovidekaterina413@gmail.com','Михаил','89062311137','МАОУ СОШ №56','Георгиевич','6','Смирнов','3904030420','26.12.2010','Красновид Екатерина Валерьевна',31,14,NULL,NULL),(130,'turchin_alliance@mail.ru','Полина','89632971390','МАОУ гимназия №32','Андреевна','6','Турчина','3904022981','30.04.2010','Турчин Андрей Юрьевич',31,14,NULL,NULL),(131,'emema@mail.ru','Каролина','89622560925','МАОУ СОШ №57','Алексеевна','6','Эм','3904002383','15.05.2010','Эм Евгения Павловна',31,14,NULL,NULL),(132,'djelfa@rambler.ru','Максим','89114502553','МАОУ СОШ №2','Константинович','5','Гардемейстер','3904025187','10.05.2011','Гардемайстер Наталья Владимировна',6,7,NULL,NULL),(133,'yelle_7@mail.ru','Егор','89003496919','МАОУ СОШ №6','Андреевич','5','Герасимов','3904019630','03.04.2011','Забарова Элеонора Анваровна',6,7,NULL,NULL),(134,'lena-uznij@rambler.ru','Михаил','89114602934','МАОУ СОШ №13','Семёнович','5','Евсеев','3904005598','12.12.2010','Евсеева Елена Валерьевна',6,7,NULL,NULL),(135,'ima110500@inbox.ru','Никита','89062110500','МАОУ гимназия №32','Романович','5','Матюшков','3904036223','04.08.2011','Матюшкова Ирина Александровна',6,7,NULL,NULL),(136,'egomirau@gmail.com','Егор','89632969937','МАОУ СОШ №29','Юрьевич','6','Мирау','3904035576','14.11.2010','Мирау Юрий Петрович',6,7,NULL,NULL),(137,'kro-star@yandex.ru','Ярослав','89190535673','ЧОУ \"Интерлицей\"','Владимирович','6','Моторин','3904055942','29.06.2011','Моторина Алена Олеговна',6,7,NULL,NULL),(138,'kava1980@mail.ru','Артем','89005612989','МАОУ гимназия №40','Евгеньевич','5','Мухин','3904000023','12.02.2011','Канатбаева Анна Владимировна',6,7,NULL,NULL),(139,'lili.oleksuk@yandex.ru','Иван','89062333006','МАОУ СОШ с УИОП №6','Александрович','5','Олексюк','3904031957','10.11.2011','Олексюк Лилия Викторовна',6,7,NULL,NULL),(140,'ancutaplotnikova@yandex.ru','Анжелика','89622926384','МАОУ СОШ №2','Сергеевна','5','Плотникова','3904078589','18.02.2011','Плотникова Анна Викторовна',6,7,NULL,NULL),(141,'i-a-i-23@bk.ru','Ярослав','89822633341','МАОУ СОШ с УИОП №6','Михайлович','5','Ревякин','3904055186','27.03.2011','Иванилова Ирина Алексеевна',6,7,NULL,NULL),(142,'a.selenya@yandex.ru','Александра','89118678466','МАОУ СОШ №29','Антоновна','5','Селеня','3904042441','16.10.2011','Селеня Анна Юрьевна ',6,7,NULL,NULL),(143,'g-natali1981@mail.ru','Дмитрий','89059669505','МАОУ СОШ с УИОП №25','Сергеевич','6','Сороковых','3904085851','30.05.2010','Сороковых Наталья Александровна',6,7,NULL,NULL),(144,'avon-orel@mail.ru','Иван','8,91003E+11','МАОУ СОШ №29','Александрович','5','Степанов','3904012019','21.04.2011','Степанова Ольга Александровна',6,7,NULL,NULL),(145,'beljakova.genja@mail.ru','Глеб','89527965123','МАОУ СОШ №6','Евгеньевич','5','Шиншальц','3904037550','29.09.2011','Шингальц Евгения Николаевна',6,7,NULL,NULL),(146,'trotskaya26091981@mail.ru','Максим','89146566815','МАОУ СОШ №56','Иванович','10','Беляев','3904061463','31.01.2007','Беляева Юлия Юрьевна',7,6,NULL,NULL),(147,'sukachenko.alena@mail.ru','Ксения','89118684185','МАОУ лицея №23','Александровна','11','Блищева','3904062845','30.11.2004','Сукаченко Алена Владимировна',7,6,NULL,NULL),(148,'leon46@yandex.ru','София','89097770509','МАОУ СОШ №46','Максимовна','8','Борсукова','3904007452','26.04.2008','Борсукова Екатрина Владимировна',7,6,NULL,NULL),(149,'tvvagner@mail.ru','Вадим','89052473314','МАОУ СОШ №39','Евгеньевич','8','Вагнер','3904014177','05.07.2008','Вагнер Татьяна Владимировна',7,6,NULL,NULL),(150,'poija@yandex.ru','Марат','89062393320','АНО СОШ \"Росток\"','Эдуардович','9','Гиоев','3904007717','16.03.2007','Гиоева Наталья Валерьевна',7,6,NULL,NULL),(151,'','Анна','89007837797','МАОУ гимназия №22','Денисовна','10','Гусева','3904027900','29.09.2006','Дуди Инна Николаевна',7,6,NULL,NULL),(152,'11ilan@mail.ru','Виктория','89134005874','МАОУ ЛИЦЕЙ №23','Илановна','11','Ишкаева','3904071172','05.06.2005','Ишкаева Татьяна Викентьевна',7,6,NULL,NULL),(153,'klimova-ito@yandex.ru','Никита','89062149813','МАОУ СОШ с УИОП №6','Максимович','9','Климов','3904060112','25.10.2007','Климов Максим Геннадьевич',7,6,NULL,NULL),(154,'kostyuxin@inbox.ru','Екатерина','89062355397','МАОУ СОШ №29','Сергеевна','8','Костюхина','3904009954','11.12.2008','Костюхин Сергей Владимирович',7,6,NULL,NULL),(155,'irinakld39@mail.ru','Любовь','89114710535','МАОУ гимназия №32','Алексеевна','10','Котова','3904048535','26.07.2006','Котова Ирина Юрьевна',7,6,NULL,NULL),(156,'nelya_kalina@inbox.ru','Азиз','89005701747','МАОУ СОШ №6','Мамедов','9','Мамедов','3904031808','05.09.2007','Мамедова Наиля Оразовна',7,6,NULL,NULL),(157,'tulevad@mail.ru','Егор','89216111696','МАОУ СОШ №5','Антонович','9','Подвезько','3904006179','11.08.2007','Левадная Татьяна Юрьевна',7,6,NULL,NULL),(158,'','Максим','89052414779','МБОУ \"Школа Будущего\"','Вячеславович','9','Поята','3913006857','20.03.2007','Червякова Ирина Федоровна',7,6,NULL,NULL),(159,'priag@yandex.ru','Евгений','89148019313','МАОУ СОШ №46','Вячеславович','8','Якимов','3904086485','27.09.2008','Якимова Анна Оралбековна',7,6,NULL,NULL),(160,'smirnova2025@mail.ru','Максим','89062104848','МАОУ СОШ №28','Александрович','6','Алехин','3904036432','26.11.2010','Алехин Александр  Николаевич',8,6,NULL,NULL),(161,'albakulin@me.com','Алексей','89097777299','МАОУ лицей №49','Алексеевич','6','Бакулин','3904024536','27.06.2010','Бакулин Алексей Сергеевич',8,6,NULL,NULL),(162,'kfgeirf18@rambler.ru','Алена','89506757233','МАОУ СОШ №6','Андреевна','7','Бигожина','3904032148','06.10.2009','Могутова Марина Владимировна',8,6,NULL,NULL),(163,'staraya.perechnica@gmail.com','Никита','89062330065','МАОУ СОШ №28','Андреевич','7','Жихарев','3904003305','07.10.2009','Жихарева Евгения АЛександровна',8,6,NULL,NULL),(164,'88886@hist.ru ','Матвей','89814590223','МАОУ СОШ №3','Сергеевич','6','Ковалев','3904014269','11.12.2010','Ковалева Анна Сергеевна',8,6,NULL,NULL),(335,'zagetskene@mail.ru','Дмитрий','89114866587','МАОУ СОШ №28','Евгеньевич','8','Власов','3904008654','21.05.2008','Гойло Ирина Александровна',10,13,NULL,NULL),(166,'madelina@list.ru','Архип','89218523369','МАОУ СОШ №49','Кириллович','6','Кононенко','3904068876','16.07.2010','Кононенко Аделина Сергеевна',8,6,NULL,NULL),(167,'madelina@list.ru','Глеб','89218523369','МАОУ лицей №49','Кириллович','6','Кононенко','3904068875','16.07.2010','Кононенко Аделина Сергеевна',8,6,NULL,NULL),(168,'ti8991301@gmail.com','Павел','89062312666','МАОУ СОШ №28','Денисович','7','Нефедьев','3904040089','22.01.2009','Иванова Татьяна Леонидовна',8,6,NULL,NULL),(169,'pgm4@bk.ru','Илья','89062129621','МАОУ СОШ №6','Дмитриевич','7','Павлов','3904028273','25.12.2008','Павлова Юргита Вацловна',8,6,NULL,NULL),(170,'denpessine@yandex.ru','Мартин','89114657472','МАОУ СОШ №28','Денисович','6','Песин','3904039871','01.10.2010','Песин Денис Александрович',8,6,NULL,NULL),(171,'krasnovidekaterina413@gmail.com','Михаил','89062311137','МАОУ СОШ  №56','Георгиевич','6','Смирнов','3904030420','26.12.2010','Красновид Екатерина Валерьевна',8,6,NULL,NULL),(172,'iptycyna@yandex.ru','Анастасия','89521152836','МАОУ СОШ №56','Валерьевна','6','Соловьева','3904022216','18.11.2009','Скворцоа Ирина Владимировна',8,6,NULL,NULL),(173,'kl16@yandex.ru','Артем','89005664348','МАОУ СОШ №46','Александрович','7','Третьяченко','3904026053','09.04.2009','Третьяченко Наталия Ивановна',8,6,NULL,NULL),(174,'vamosova0098@mail.ru','Злата','89114880585','МАОУ ШИЛИ','Васильевна','7','Амосова','3904044049','01.04.2009','Амосова Виктория Валентиновна',9,6,NULL,NULL),(175,'glushkov05@mail.ru','Алина','89520520198','МАОУ СОШ №6','Юрьевна','8','Глушкова','3904032238','02.04.2008','Глушков Юрий Михайлович',9,6,NULL,NULL),(176,'dydych.sochi@mail.ru','Дмитрий','89291653011','МАОУ СОШ №56','Владиславович','8','Дудкин','3904023497','21.10.2008','Дудкин Владислав Иванович ',9,6,NULL,NULL),(177,'shtoc.natalya@mail.ru','Захар','89118682204','МАОУ СОШ №56','Сергеевич','7','Козликин','3904017875','08.05.2009','Козликина Наталья Юрьевна',9,6,NULL,NULL),(178,'sotkova1983@mail.ru','Александр','89316021456','МАОУ СОШ №29','Денисович','9','Леонович','3904005815','22.07.2007','Соткова Светлана Юрьевна',9,6,NULL,NULL),(179,'lisina_m@mail.ru','Алиса','89218500157','МАОУ СОШ №6','Александровна','8','Лисина','3904040576','24.09.2008','Лисина Марина ВИтальевна',9,6,NULL,NULL),(180,'stic2013@yandex.ru','Максим','89118542222','МАОУ СОШ №46','Игоревич','8','Моисеев','3904031320','07.01.2008','Моисеев Игорь Александрович ',9,6,NULL,NULL),(181,'naimushina@aubina.ru','Иван','89062345108','МАОУ СОШ №9','Алексеевич','8','Наймушин','3904009074','04.01.2008','Филиппова Евгения Александровна',9,6,NULL,NULL),(182,'dinara2100@mail.ru','Альбина','89511800219','МАОУ СОШ №57','Максимовна','8','Ростовская','3904043497','29.08.2008','Ростовская Динара Шамильевна ',9,6,NULL,NULL),(183,'profgid_olga@mail.ru','Александр','89842930672','МАОУ СОШ №56','Дмитриевич','7','Служенко','3904084957','10.04.2009','Служенко Ольга Александровна',9,6,NULL,NULL),(184,'olgatarassova1979@gmail.com','Глеб','89118564039','МАОУ СОШ №46','Дмитриевич','8','Тарасов','3904045804','15.03.2007','Тарасова Ольга Влдимировна',9,6,NULL,NULL),(185,'margarita.habo@gmail.com','Андрей','89965227764','МАОУ СОШ  №15','Дмитриевич','8','Хаба','3904057626','26.05.2008','Хаба Маргарита Викторовна',9,6,NULL,NULL),(186,'lawyer_vs@mail.ru	','Богдан','89622664003','МАОУ СОШ №57','Дмитриевич','8','Шарапов','3904000613','23.07.2008','Шарапов Дмитрий Владимирович',10,13,NULL,NULL),(187,'irusik_home@mail.ru','Софья','89236959997','МАОУ лицей №23','Максимовна','11','Козинова','','26.08.2005','Козинова Ирина Викторовна',10,13,NULL,NULL),(188,'ambertanja@mail.ru','Ангелина','89062321117','МАОУ лицей №23','Александровна','8','Семёнова','3904035937','12.07.2008','Семенова Татьяна Анатольевна',10,13,NULL,NULL),(189,'o.zot80@rambler.ru','Никита','89062170094','МАОУ СОШ №6','Денисович','9','Зотов','3904076343','05.03.2007','Зотов Денис Алексеевич',10,13,NULL,NULL),(190,'farida.ozodieva81@mail.ru','Анворшо','89024177132','МАОУ СОШ №29','Назаренович','8','Азизмамедов','3913008314','09.02.2009','Озодиева Фарида Кадамшоевна',10,13,NULL,NULL),(191,'marysha777@mail.ru','Наталия','89114573117','МАОУ СОШ №46','Геннадьевна','8','Никутова','3904001960','05.04.2008','Никутова Марина Николаевна',10,13,NULL,NULL),(192,'nastia100381@gmail.com','Тимофей','89062110122','МАОУ СОШ №29','Александрович','8','Логвиненко','3904033447','26.09.2008','Логвиненко Анастасия Геннадьевна',10,13,NULL,NULL),(193,'nerv9777@mail.ru','Анна','89114519663','МАОУ СОШ №3','Сергеевна','8','Иванова','3904015893','20.09.2008','Иванов Сергей Анатольевич',10,13,NULL,NULL),(194,'kotovkiy_kachok@mail.ru','Егор','89114566275','МАОУ СОШ №50','Сергеевич','10','Венник','3904069769','26.04.2006','Венник Юлия Юрьевна',10,13,NULL,NULL),(195,'dordoneva08@gmail.com','Андрей','89211061082','МАОУ СОШ №46','Александрович','8','Мешков','3904019062','26.01.2008','Мешкова Юлия Васильевна',10,13,NULL,NULL),(196,'danovskay39@mail.ru','Максим','89062384902','МАОУ СОШ №58','Денисович','8','Дановский','3902002412','28.10.2008','Дановский Денис Олегович ',11,8,NULL,NULL),(197,'svetik-vjik@mail.ru','Ярослав','89211068261','МАОУ СОШ №6','Александрович','7','Деревянченко','3904020691','28.09.2009','Литвиненко Светлана Валерьевна ',11,8,NULL,NULL),(198,'natash.moiseenko@yandex.ru','Алексей','89043697388','МАОУ СОШ  №57','Владимирович','8','Колесников','3904089920','27.02.2008','Моисеенко Наталья Сергеевна',11,8,NULL,NULL),(199,'lady.lena.k@mail.ru','Михаил','89217103095','МАОУ лицей №17','Дмитриевич','7','Кононыхин','3904019009','30.06.2009','Кононыхина Елена Алексеевна',11,8,NULL,NULL),(201,'klnos@mail.ru','Анна','89193035668','МАОУ лицей №23','Константиновна','10','Нарольская','','15.02.2007','Нарольская Светлана Борисовна',11,8,NULL,NULL),(202,'buh-pavlova@mail.ru','Александра','89520542514','МАОУ СОШ №11','Владимировна','7','Павлова','3904079556','06.07.2009','Павлова Екатерина Юрьевна',11,8,NULL,NULL),(203,'varejkins@mail.ru','Арина','89814500012','МБОУ СОШ г. Правдинска','Александровна','8','Петрова','3907000052','20.03.2008','Петрова Надежда Владимировна ',11,8,NULL,NULL),(204,'ludokk08@mail.ru','Дарья','89114957894','МАОУ СОШ №11','Викторовна','7','Пушкова','3904033928','03.02.2009','Шелестова Людмила Юрьевна',11,8,NULL,NULL),(205,'elena001122@inbox.ru','Денис','89506701794','МАОУ СОШ №29','Алексеевич','8','Родченко','3904064453','27.10.2008','Родченко Елена Викторовна',11,8,NULL,NULL),(206,'sv1301@mail.ru','Павел','89114642898','МАОУ СОШ №46','Сергеевич','6','Ревоненко','3904047138','6614927','Ревоненко Светлана Викторовна',12,9,NULL,NULL),(207,'mitk-zhanna@yandex.ru','Дмитрий','89062342344','МАОУ СОШ №29','Александрович','6','Митько','3904005289','17.08.2010','Митько Жанна Олеговна',12,9,NULL,NULL),(208,'toshito@list.ru','Альбина','89005697840','МАОУ СОШ №46','Сергеевна','6','Ябс','3904005458','05.10.2010','Ябс Светлана Николаевна ',12,9,NULL,NULL),(209,'kosmia2003@mail.ru','Аслан','89506752488','МАОУ СОШ №6','Алмазович','6','Хабибов','3904075480','20.04.2010','Хабибов Алмаз Ильясович',21,11,NULL,NULL),(210,'nelya_kalina@inbox.ru','Азиз','89005701747','МАОУ СОШ с УИОП №6','Мамедович','9','Мамедов','3904031808','05.09.2007','Мамедова Наиля Оразовна',13,9,NULL,NULL),(211,'Nuria_855@mail.ru','Марлен','89216114674','МАОУ СОШ №56','Мирланович','8','Сыдыков','3904081754','10.03.2008','Нурдинова Айнура Темирбековна ',13,9,NULL,NULL),(212,'akiev.lennur@gmail.com','Эрнест','89062355525','МАОУ СОШ №29','Леннурович','7','Акиев','3904007938','22.01.2009','Акиев Леннур Исмаилович',14,2,NULL,NULL),(213,'irina.akchurina@mail.ru','Кирилл','89114645309','МАОУ СОШ №46','Максимович','9','Акчурин','3904084765','23.03.2007','Плохотникова Ирина Владимировна ',14,2,NULL,NULL),(214,'marina140580@mail.ru','Артем','89114509776','МАОУ СОШ №6','Валерьевич','10','Голынкин','3904042690','03.03.2006','Голынкина Марина Валерьевна',14,2,NULL,NULL),(215,'tatjanamk@mail.ru','Евгений','89114988416','МАОУ СОШ №57','Юрьевич','10','Давыденко','3904034274','31.03.2006','Давыденко Татьяна Михайловна',14,2,NULL,NULL),(216,'maks-dudin@mail.ru','Александр','89062174576','МАОУ СОШ №29','Максимович','9','Дудин','3904024088','24.08.2007','Дудин Максим Викторович',14,2,NULL,NULL),(217,'v.buteeva@mail.ru','Георгий','89527966142','МАОУ СОШ г. Зеленоградска','Владимирович','10','Кайгородов','3914004250','17.05.2006','Аршинова Анна Владимировна ',14,2,NULL,NULL),(218,'harmoniavera@gmail.com','Нелли','89027625654','МАОУ лицей №23','Викторовна','10','Мазитова','3904083499','04.12.2006','Мазитова Вера Васильевна',14,2,NULL,NULL),(219,'nikitina-7777@mail.ru','Вячеслав','89118953833','МАОУ СОШ №6','Сергеевич','10','Никитин','3913003165','22.04.2006','Никитина Олеся Ивановна',14,2,NULL,NULL),(220,'ofitserova_OL@mail.ru','Александр','89114941495','РАНХиГС','Андреевич','2 курс','Офицеров','3912001598','02.06.2005','Офицерова Ольга Вячеславовна',14,2,NULL,NULL),(221,'31071971@mail.ru','Алексей','89520558388','МАОУ СОШ №7','Владимирович','10','Петров','3904009850','28.05.2006','Петрова Ольга Владимировна ',14,2,NULL,NULL),(222,'VP_Kaliningrad@mail.ru','Станислав','89527931733','МАОУ СОШ №46','Артурович','8','Савицкий','3904084566','25.12.2008','Савицкий Артур Константинович',14,2,NULL,NULL),(223,'cukermanplay@gmail.com','Данила','89062325166','МАОУ СОШ №56','Сергеевич','','Сахаров','','03.06.2005','Сахаров Сергей Викторович',14,2,NULL,NULL),(224,'katestepanenko@yandex.ru','Максим','89110703111','МАОУ СОШ №8','Игоревич','10','Степаненко','3904012864','04.10.2006','Степаненко Екатерина Игоревна ',14,2,NULL,NULL),(225,'pa-de-de73@mail.ru','Денис','89114899982','МАОУ СОШ №6','Эдуардович','10','Шадрин','3904006187','15.02.2006','Шадрина Ольга Геннадьевна',14,2,NULL,NULL),(226,'emema@mail.ru','Маргарита','89622560925','МАОУ СОШ №10','Алексеевна','10','Эм','3904002377','08.03.2007','Эм Евгения Павловна',14,2,NULL,NULL),(227,'vins-mari@mail.ru','Газиз','89114681817','Интер лицей','Габитович','8','Сагиденов','39040667370','22.07.2007','Сагиденова Марина Андреевна',15,3,NULL,NULL),(228,'V.mitkevich@mail.ru','Егор','89062151522','МАОУ СОШ №58','Александрович','9','Митькевич','3904006563','11.08.2007','Митькевич Виктория Анатольевна',15,3,NULL,NULL),(229,'noviko8a@mail.ru','Никита','89097755935','МАОУ гимназия №22','Михайлович','7','Новиков','3904045533','02.07.2009','Новикова Светлана Вячеславовна',15,3,NULL,NULL),(230,'pevalenka@yandex.ru','Егор','3904002530','МАОУ СОШ №46','Алексеевич','8','Удалов','3904002530','12.07.2008','Удалова Елена Викторовна',15,3,NULL,NULL),(231,'ev-mouse@inbox.ru','Елисей','89114740370','МАОУ гимназия №1','Викторович','6','Толстошеев','3904052948','27.08.2010','Толстошеева Евгения Валерьевна',15,3,NULL,NULL),(232,'jenya-583@mail.ru','Тимофей','89506766761','МАОУ СОШ №46','Александрович','9','Баландин','3904087937','07.06.2007','Сухарева Евгения Владимировна ',15,3,NULL,NULL),(233,'nsgvozd@gmail.com','Елизавета','89062387178','МАОУ гимназия №32','Владимировна','9','Гвоздь','3904003409','29.08.2007','Гвоздь Наталья Сергеевна',15,3,NULL,NULL),(234,'cezar1984@mail.ru','Дмитрий','89217123097','МАОУ СОШ с УИОП №6','Юрьевич','7','Антонов','3904086773','03.06.2009','Антонов Юрий Николаевич ',16,3,NULL,NULL),(235,'tvornesenskaya@list.ru','Максим','89003541828','МАОУ СОШ №28','Сергеевич','6','Вознесенский','3904008263','29.08.2010','Забелина Татьяна Алексеевна',16,3,NULL,NULL),(236,'75inga24@mail.ru','Кирилл','89118515943','МАОУ СОШ №3','Александрович','6','Гаврилин','39040113857','02.09.2010','Гомзякова Инга Станиславовна',16,3,NULL,NULL),(237,'gerasimov.ru@mail.ru','Кирилл','89062120010','МАОУ лицей №23','Рудольфович','6','Герасимов','3904023570','17.02.2010','Герасимов Рудольф Геннадьевич ',16,3,NULL,NULL),(238,'congo_k@mail.ru','Марина','89622151330','МАОУ СОШ №56','Константиновна','6','Гоман','3904068097','10.08.2010','Гоман Константин Николаевич',16,3,NULL,NULL),(239,'mixei75@bk.ru','Данил','89114512911','МООУ СОШ №28','Михайлович','6','Забелин','3914002695','01.06.2010','Забелин Михаил Викторович',16,3,NULL,NULL),(240,'89114732429@mail.ru','Елизавета','89114732429','МАОУ СОШ №46','Евгеньевна','6','Ивченкова','3904000126','24.03.2010','Ивченкова Елизавета Евгеньевна',16,3,NULL,NULL),(241,'dav9340@mail.ru','Лев','89114907300','МАОУ СОШ №58','Михайлович','6','Кучеров','3904046358','31.03.2010','Дьяченко Алла Владимировна',16,3,NULL,NULL),(242,'harmoniavera@gmail.com','Адель','89027625654','МАОУ лицей №49','Викторовна','6','Мазитова','3904083491','03.08.2010','Мазитова Вера Васильевна ',16,3,NULL,NULL),(243,'maritw@mail.ru','Матвей','89118628666','МАОУ СОШ №3','Иванович','6','Робертус','3904000026','08.02.2010','Робертус Мария Викторовна',16,3,NULL,NULL),(244,'rsvetaf@mail.ru','Ирина','89114559013','МАОУ СОШ №3','Сергеевна','6','Рябухина','3904002597','30.01.2010','Рябухина Светлана Федоровна',16,3,NULL,NULL),(245,'tabunova.anzhelika@mail.ru','Артем','89110561751','МАОУ СОШ №56','Андреевич','6','Табунов','3904086540','09.04.2009','Табунова Анжела Сергеевна',16,3,NULL,NULL),(246,'ale29770018@yandex.ru','Захар','89842870811','МАОУ СОШ №46','Андреевич','6','Шпилев','3904085454','15.08.2010','Шпилева Александра Александровна',16,3,NULL,NULL),(247,'13061981@gmail.com','Арсений','89216179841','МАОУ СОШ №5','Николаевич','8','Дедаков','3913004170','03.10.2008','Старикова Ольга Анатольевна ',17,3,NULL,NULL),(248,'olenka_solomina@mail.ru','Иван','89005689983','МАОУ ООШ №15','Романович','7','Драчук','3910002477','02.04.2009','Драчук Ольга Сергеевна ',17,3,NULL,NULL),(249,'reglena@mail.ru','Мария','89114584422','МАОУ СОШ №46','Богдановна','8','Карпын','3913006815','14.10.2008','Карпын Елена Сергеевна ',17,3,NULL,NULL),(250,'kievskayaav@gmail.com','Мирослав','89115940066','МАОУ гимназия №1','Владимирович','7','Киевский','3904056859','30.03.2009','Киевская Анастасия Владимировна',17,3,NULL,NULL),(251,'malihceva@mail.ru','Иван','89211087095','МАОУ СОШ №48','Александрович','7','Малышев','3913005888','26.05.2009','Малышева Наталья Евгенеьвна',17,3,NULL,NULL),(252,'rycun@mail.ru','Денис','89527971930','МАОУ СОШ №29','Алексеевич','7','Мережкин','3904064264','26.03.2009','Мережкина Екатерина Александровна',17,3,NULL,NULL),(253,'oksanadvoinay120809@gmail.com','Олеся','89527930448','МАОУ СОШ №56','Александровна','7','Морозевич','3904032417','12.08.2009','Морозевич Оксана Николаевна ',17,3,NULL,NULL),(254,'olesya_piyukova@mail.ru','Ярослав','89005644055','МАОУ СОШ №29','Михайлович','8','Оболкин','3907003054','05.03.2008','Оболкина Олеся Аликовна',17,3,NULL,NULL),(255,'maravet83@gmail.com','Сурен','89097760821','МАОУ СОШ №39','Арменович','7','Петросян','3904066298','15.09.2009','Аветисян Мариам Спартаковна ',17,3,NULL,NULL),(256,'albinagan@mail.ru','Амир','89216153674','МАОУ СОШ №56','Рустемович','7','Риянов','3904024203','23.01.2009','Галеева Альбина Альбертовна ',17,3,NULL,NULL),(257,'olgasah979@gmail.com','Азим','89110732106','МАОУ СОШ №56','Рустамович','7','Салихов','3904020008','04.07.2009','Салихов Рустам Мавлонович',17,3,NULL,NULL),(258,'svet030920@gmail.com','Матвей','89521155455','МАОУ СОШ №3','Андреевич','8','Цитко','3904084439','05.03.2009','Цитко Светлана Юрьевна',17,3,NULL,NULL),(259,'olejik82@mail.ru','Яна','89216117712','МАОУ СОШ №48','Олеговна','8','Шишкова','3904019544','16.05.2008','Шишков Олег Сергеевич',17,3,NULL,NULL),(260,'tribunskiyartem03@mail.ru','Надежда','89527964186','МАОУ СОШ №29','Николаевна','7','Трибунская','3904022328','23.02.2009','Трибунская Мария Афоровна',17,3,NULL,NULL),(261,'leva.natasha@rambler.ru','Антон','89114729906','МАОУ СОШ Переславское','Андреевич','9','Аверин','3904035488','29.01.2008','Аверина Наталья Львовна',18,1,NULL,NULL),(262,'aralovsardoo@gmail.com','Сардор','89622575882','МАОУ СОШ №3','Бахтиёрович','11','Аралов','3904088451','20.05.2005','Аралова Бахтиёр Норкулович',18,1,NULL,NULL),(263,'olgabruj@mail.ru','Злата','89814620386','Православня гимназия','Сергеевна','9','Зотеева','3904039360','02.09.2007','Зотеева Ольга Николаевна ',18,1,NULL,NULL),(264,'lyubakl@yandex.ru','Кирилл','89114682192','<none>','Андреевич','9','Клюкин','3904024180','14.03.2007','Клюкина Любовь Михайловна',18,1,NULL,NULL),(265,'kovalevaanzelika837@gmail.com','Лаврентий','89022529430','МАОУ СОШ №28','Андреевич','10','Ковалев','3904021025','10.03.2006','Ковалева Анжелика Николаевна',18,1,NULL,NULL),(266,'oksanaustugova@mail.ru','Михаил','89114630100','МАОУ гимназтя №1','Сергеевич','9','Плотников','3904071214','19.05.2007','Плотникова Оксана Александровна ',18,1,NULL,NULL),(267,'101326@mail.ru','Владимир','89114898302','МАОУ СОШ с УИОП №6','Алексеевич','10','Попов','3904083993','23.02.2007','Попов Алексей Николаевич',18,1,NULL,NULL),(268,'fvs82@mail.ru','Дмитрий','89110703634','МАОУ СОШ с УИОП №6','Сергеевич','10','Федотенко','3904069948','17.06.2006','Кобзева Виктория Сергеевна',18,1,NULL,NULL),(269,'feoktistova.1968@gmail.com','Любовь','89114746573','МАОУ лицей №17','Андреевна','11','Феоктистова','3904028104','25.03.2005','Феоктистова Елена Викторовна',18,1,NULL,NULL),(270,'IL1996Max2007@mail.ru','Максим','89212696160','МБОУ СОШ Школа будущего','Петрович','9','Шабельников','3913009509','14.03.2007','Шабельникова Татьяна Ивановна',18,1,NULL,NULL),(271,'25111983_83@mail.ru','Милана','89316107019','МАОУ СОШ №46','Алимовна','9','Аширова','3904026942','08.07.2007','Федюшина Марина Худойшукуровна',19,10,NULL,NULL),(272,'guskova.anna-1984@yandex.ru','Алексей','89210475707','МАОУ гимназия №32','Владимирович','10','Гуськов','3914003358','20.04.2006','Гуськова Анна Александровна ',19,10,NULL,NULL),(273,'olga_785@mail.ru','Дарья','89114526317','МАОУ СОШ №57','Сергеевна','11','Данилова','3904001192','11.11.2005','Хрычева Ольга Геннадьевна',19,10,NULL,NULL),(274,'iboso@mail.ru','Герман','89521156053','МАОУ СОШ №56','Александрович','10','Дедов','3904026351','27.06.2006','Дедова Елена Николаевна ',19,10,NULL,NULL),(275,'mouseliza@mail.ru ','Лев','89217115335','МАОУ СОШ №56','Павлович','8','Диденко','3904031074','09.06.2008','Исаева Елизавета Павловна',19,10,NULL,NULL),(276,'dumshe.irina@mail.ru','Иван','89062325868','МАОУ лицей №49','Дмитриевич','9','Думше','3904006938','19.07.2007','Думше Ирина Александровна',19,10,NULL,NULL),(277,'kuleshovaoksana@mail.ru','Александр','89062137521','МАОУ СОШ №26','Артёмович','11','Кулешов','3904017897','24.09.2005','Кулешова Оксана Сергеевна',19,10,NULL,NULL),(278,'lebedeva_y@mail.ru','Андрей','89097765285','МАОУ гимназия №32','Алексеевич','8','Лебедев','3904010160','16.04.2008','Лебедева Юлия Владимимровна',19,10,NULL,NULL),(279,'3038@list.ru','Никита','89005695795','Фоксфорд','Валерьевич','7','Мамаев','3913007198','26.08.2009','Березникова Татьяна Викторовна ',19,10,NULL,NULL),(280,'marinatarasova@mail.ru','Евгения','89062395983','Синегерия колледж','Андреевна','','Моисеева','3913000473','04.08.2006','Тарасова Марина Анатольевна',19,10,NULL,NULL),(281,'nazarova09041981@gmail.com','Александр','89622671600','КМЛ','Сергеевич','9','Назаров','3904021469','12.12.2006','Назарова Ольга Валентиновна',19,10,NULL,NULL),(282,'nvprilepskaya@rambler.ru','Вадим','89097750680','МАОУ СОШ г. Зеленоградска','Сергеевич','9','Прилепский','3914000037','03.09.2007','Прилепская Наталья Викторовна ',19,10,NULL,NULL),(283,'luchkova_70@mail.ru','Мария','89814626108','МАОУ СОШ №31','Александровна','10','Тинькова','3904015059','14.03.2006','Лучкова Татьяна Алексеевна ',19,10,NULL,NULL),(284,'splintervs@gmail.com','Владислав','89114586412','ГАУ КО ОО ШИЛИ','Вадимович','8','Черкунов','3904001494','02.04.2008','Черкунов Вадим Сергеевич',19,10,NULL,NULL),(285,'olejik82@mail.ru','Яна','89216117712','МАОУ СОШ  №48','Олеговна','8','Шишкова','3904019544','16.05.2008','Шишкова Ольга Сергеевна ',19,10,NULL,NULL),(286,'baljakina@mail.ru','Любовь','89216140273','МАОУ СОШ №6','Александровна','8','Балякина','3904018490','12.06.2008','Балякина Елена Сергеевна',20,11,NULL,NULL),(287,'casperne@mail.ru','Егор','89114887909','МАОУ СОШ №28','Геннадьевич','9','Данилов','3904013272','04.02.2007','Данилова Виктория Геннадьевна ',20,11,NULL,NULL),(288,'lyubovdvadnenko@gmail.com','Михаил','89097957363','МАОУ СОШ №46','Алексеевич','7','Двадненко','3913005265','13.07.2009','Двадненко Любовь Викторовна ',20,11,NULL,NULL),(289,'catarina1980@mail.ru','Тимофей','89097828802','МАОУ СОШ №56','Александрович','7','Запталов','3904018600','13.05.2009','Запталова Екатерина Сергеевна',20,11,NULL,NULL),(290,'inna-kozyshok@mail.ru','Ярослав','89527982439','МАОУ СОШ №56','Александрович','7','Кожуховский','3904002239','26.05.2009','Кожуховская Инна Ивановна',20,11,NULL,NULL),(291,'knyazeva_elena@inbox.ru','Лев','89114559510','МАОУ СОШ №29','Кириллович','8','Крамской','3904010396','23.11.2008','Крамская Елена Станиславовна ',20,11,NULL,NULL),(292,'lisina_m@mail.ru','Алиса','89218500157','МАОУ СОШ №6','Александровна','8','Лисина','3904040576','24.09.2009','Лисина Марина Витальевна ',20,11,NULL,NULL),(293,'maximus_74@bk.ru','Максим','89062173422','МАОУ СОШ №12','Максимов','9','Мельников','3904084437','19.08.2007','Мельников Максим Владимирович',20,11,NULL,NULL),(294,'capricornio.82@mail.ru','Егор','89223155197','МАОУ СОШ №3','Владимирович','8','Меркулов','3904063649','26.09.2008','Меркулова Елена Петровна',20,11,NULL,NULL),(295,'oksanadvoinay120809@gmail.com','Илья','89527930448','МАОУ СОШ №56','Александрович','7','Морозевич','3904032415','12.08.2009','Морозевич Оксана Николаевна',20,11,NULL,NULL),(296,'example@gmail.com','Владислав','89114624361','МАОУ СОШ №56','Денисович','9','Ненахов','3904047460','02.10.2007','Ненахов Денис Викторович',20,11,NULL,NULL),(297,'ignatovskaya88@mail.ru','Тимофей','89005619995','МАОУ СОШ №29','Серегевич','7','Сапрыкин','3911001156','22.07.2009','Краева Анна Владимировна',20,11,NULL,NULL),(298,'terenviktoria68@gmail.com','Леонид','89062110822','Низовская СОШ','Александрович','9','Терентьев','3913003467','26.10.2006','Терентьева Виктория Анатольевна',20,11,NULL,NULL),(299,'a-vanda@mail.ru','Артём','89520551860','МАОУ СОШ №6','Вячеславович','6','Асадченко','3904012690','18.12.2009','Асадченко Ванда Антоновна',21,11,NULL,NULL),(300,'tatanabesedina0920@gmail.com','Валерий','89520541045','МАОУ СОШ №3','Александрович','7','Беседин','3904006599','27.09.2009','Беседена Татьяна Викторовна',21,11,NULL,NULL),(301,'natashe4kaz@mail.ru','Дмитрий','89527951320','МАОУ СОШ №6','Павлович','7','Глинчев','3904001587','07.09.2009','Глинчева НАталья Вячеславовна ',21,11,NULL,NULL),(302,'kiselevaoksana654@gmail.com','Дмитрий','89097978131','МАОУ лицей №23','Сергеевич','6','Киселев','3904000695','16.01.2010','Киселева Оксана Викторовна',21,11,NULL,NULL),(303,'tanya_kolchenko88@mail.ru','Николай','89005634719','МАОУ СОШ №3','Михайлович','7','Колченко','3904017516','18.05.2009','Колченко Татьяна Викторовна ',21,11,NULL,NULL),(304,'natali.malova77@mail.ru','Артем','89114878498','МАОУ СОШ №3','Дмитриевич','7','Малов','3904014284','05.03.2009','Малова Наталья Анатольевна',21,11,NULL,NULL),(305,'pazavina77@yandex.ru','Владимир','89521144033','МАОУ СОШ №3','Витальевич','7','Пазавин','3904014588','06.01.2008','Пазавина Ирина Алексеевна',21,11,NULL,NULL),(306,'tanew_sha@bk.ru','Леонид','89118502280','МАОУ СОШ №6','Викторович','7','Поплавский','3904027473','19.05.2009','Поплавская Татьяна Владимировна ',21,11,NULL,NULL),(307,'letoklgd2017@ya.ru','Федор','89316113679','МАОУ СОШ №46','Алексеевич','7','Романенко','3904069485','20.01.2010','Романенко Ольга Владимимровна ',21,11,NULL,NULL),(308,'nas77@rambler.ru','Егор','8902170108','МАОУ СОШ №56','Александрович','6','Юдин','3904027019','19.07.2010','Лошкарева Анастасия Юрьевна',21,11,NULL,NULL),(309,'alla.0205@mail.ru','Михаил','89884070768','МАОУ СОШ №24','Владимирович','8','Григорьев','2245139512','10.07.2008','Куркина Алла Николаевна ',22,12,NULL,NULL),(310,'veronikagor@gmail.com','Максим','89114756812','МАОУ СОШ №59','Дмитриевич','9','Горшалатов','3904005186','13.05.2007','Горшалатова Вероника Зауровна',23,12,NULL,NULL),(311,'trimarichka82@mail.ru','Надежда','89527964186','МАОУ СОШ №29','Николаевн','7','Трибунская','3904022328','23.02.2009','Трибунская Мария Асроровна',23,12,NULL,NULL),(312,'socioproect@mail.ru','Максим','89212689462','МБОУ СОШ ШБ','Игоревич','9','Калужин','3904087795','23.08.2007','Калужина Татьяна Борисовна ',23,12,NULL,NULL),(313,'lisina_m@mail.ru','Алиса','89218500157','МАОУ СОШ №6','Александровна','8','Лисина','3904040576','24.09.2008','Лисина Марина Витальевна ',23,12,NULL,NULL),(314,'rodchenkodenis96@gmail.com','Денис','89506701794','МАОУ СОШ №29','Алексеевич','8','Родченко','3904064453','27.10.2008','Родченко Елена Викторовна ',23,12,NULL,NULL),(315,'fastini@mail.ru','Алексей','89520562722','МАОУ СОШ №57','Серегевич','5','Башлиев','39040019603','26.09.2011','Башлиева Светлана Александровна',24,7,NULL,NULL),(316,'elvira.denisova.72@mail.ru','Данил','89506723795','МАОУ СОШ №46','Владимирович','5','Денисов','3904059678','08.09.2011','Денисова Эльвира Владимровна',24,7,NULL,NULL),(317,'mila.shitova.111@gmail.com','Александр','89527981081','МАОУ СОШ №28','Николаевич','5','Дунин','3913005516','02.05.2011','Дунина Людмила Александровна',24,7,NULL,NULL),(318,'katrin_timchenko@mail.ru','Илья','89622644969','МАОУ гимназия Вектор','Янович','6','Кожечкин','3914000517','30.09.2010','Кожечкина Екатерина Николаевна',24,7,NULL,NULL),(319,'katrin_timchenko@mail.ru','Марк','89622644969','МАОУ гимназия Вектор','Янович','6','Кожечкин','3914000513','30.09.2010','Кожечкина Екатерина Николаевна',24,7,NULL,NULL),(320,'sppomordino@yandex.ru','Матвей','89506732221','МАОУ СОШ №3','Михайлович','5','Курочкин','3904013975','05.06.2011','Попова Виталия Михайловна',24,7,NULL,NULL),(321,'uf-matopuf@bk.ru','Леонид','89211030307','МАОУ СОШ №3','Александрович','5','Леонов','3904019455','02.10.2011','Леонова Дарья Владимировна',24,7,NULL,NULL),(322,'irinaanisimkova@mail.ru','Корней','89814602720','МАОУ СОШ №3','Андреевич','5','Машинин','3904016447','10.05.2011','Машинина Ирина Юрьевна',24,7,NULL,NULL),(323,'smoliareK68@mail.ru','Никита','89114555212','МАОУ СОШ №3','Александрович','5','Носков','3904012602','05.03.2011','Носкова Наталья Александровна',24,7,NULL,NULL),(324,'olde79@mail.ru','Даниил','89062353552','МАОУ СОШ №28','Кристович','5','Ольде','3904039964','31.08.2011','Ольде Ольга Николаевна ',24,7,NULL,NULL),(325,'maravet83@gmail.com','Армен','89097760821','МАОУ СОШ №39','Арменович','6','Петросян','3904066301','24.08.2011','Аветисян Мариам Спартаковна ',24,7,NULL,NULL),(326,'pakseleva_89@mail.ru','Ярослав','89316032334','МАОУ СОШ №22','Алексеевич','6','Пирогов','3904005398','06.04.2010','Пирогова Марина Алексеевна',24,7,NULL,NULL),(327,'luba241085@mail.ru','Максим','89673522741','МАОУ СОШ №36','Витальевич','6','Тимофеев','3904058333','26.10.2010','Тимофеева Любовь Александровна ',24,7,NULL,NULL),(328,'aviator-30@mail.ru','Вадим','89506726062','МАОУ СОШ №33','Дмитриевич','5','Шабанов','3904008629','08.02.2011','Шабанова Вероника Юрьевна',24,7,NULL,NULL),(329,'sato39d@yandex.ru','Матвей','89062311242','МАОУ СОШ №6','Денисович','8','Демьянов','3904024973','11.04.2008','Демьянов Денис Владимирович ',25,7,NULL,NULL),(330,'tanya.falonova@gmail.com','Родион','89114570231','МАОУ лицей №49','Александрович','10','Фалонов','3904029346','12.03.2007','Фалонова Татьяна Николаевна',26,7,NULL,NULL),(331,'v.bernikova@mail.ru','Артем','89114715917','МАОУ СОШ №31','Дмитриевич','10','Берников','3904012728','03.04.2006','Бернкиова Виктория Викторовна',26,7,NULL,NULL),(332,'markina_ak@mail.ru','Артемий','89062390519','МАОУ СОШ №31','Кириллович','10','Маркин','3904014231','19.04.2006','Маркина Анна Николаевна ',26,7,NULL,NULL),(333,'nsgvozd@gmail.com','Елизавета','89062387178','МАОУ гимназия  №32','Сергеевна','9','Гвоздь','3904003409','29.08.2007','Гвоздь Наталья Сергеевна ',26,7,NULL,NULL),(334,'valyakir28@gmail.com','Валентина','89110745951','МАОУ лицей №23','Руслановна','7','Киреева','3904081123','28.07.2009','Киреева Анастасия Александровна',8,6,NULL,NULL),(336,'volvo4kas40@yandex.ru','Александр','89097769990','МАОУ гимназия №40','Олегович','11','Лещенко','3904089828','29.03.2005','Лещенко Элена Альфонсовна',10,13,NULL,NULL),(337,'svetmt@list.ru','Марк','89520536943','МАОУ Гимназия \"Вектор\"','Александрович','10','Метелев','3914001009','03.03.2006','Метелева Светлана Юрьевна',10,13,NULL,NULL),(338,'nastasyamikhaylova.1988@mail.ru','Иван','89211053884','МАОУ СОШ №11','Николаевич','7','Фадеев','3904032730','11.04.2009','Михайлова Анастасия Викторовна',10,13,NULL,NULL),(339,'zaryuta.anna@yandex.ru','Низам','89673536071','МАОУ СОШ №28','Заурович','7','Адельшинов','3904011877','09.02.2009','Адельшинова Анна Владимировна',11,8,NULL,NULL),(340,'starkved@yandex.ru','Мстислав','89521159401','МАОУ СОШ №56','Анатольевич','9','Зуев','3904047446','03.06.2006','Горячего Беата Юрьевна',11,8,NULL,NULL),(341,'pashkevich_veronika@mail.ru','Даниил','89527932945','МАОУ СОШ №3','Олегович','7','Пашкевич','3904089576','16.03.2009','Пашкевич Вероника Валерьевна',11,8,NULL,NULL),(342,'narine.avetikyan@gmail.com','Мариета','89097909977','МАОУ Лицей №35','Гамлетовна','7','Тертерян','3904015708','17.02.2009','Аветикян Нарине Галустовна',11,8,NULL,NULL),(343,'example@gmail.com','Андрей','89622660966','МАОУ СОШ №26','Антонович','4','Батеев','3904072562','20.12.2011','Батеева Татьяна Александровна',29,14,NULL,NULL),(345,'example@gmail.com','Данил','89114813316','МАОУ СОШ №39','Дмитриевич','3','Попов','3904002468','26.04.2013','Попова Светлана Викторовна',30,14,NULL,NULL),(346,'example@gmail.com','Никита','89062188088','МАОУ СОШ №46','Сергеевич','2','Рыков','3904016049','01.07.2014','Рыков Сергей Александрович',30,14,NULL,NULL),(347,'example@gmail.com','Вероника','89210076610','МАОУ СОШ №46','Сергеевна','3','Рыкова','3904016045','13.12.2012','Рыкова Надежда Александровна',30,14,NULL,NULL),(348,'example@gmail.com','Андрей','89114533747','МАОУ лицей №23','Дмитриевич','7','Холзинев','3904060466','18.10.2009','Холзинева Рита Викторовна',1,1,NULL,NULL),(349,'example@gmail.com','Анваршо','89024177132','МАОУ СОШ №29','Назаренович','8','Азизмамадов','3913008314','09.02.2009','Озодиева Фариде Кадамшоевна',2,1,NULL,NULL),(350,'example@gmail.com','Даниил','89114987828','МАОУ СОШ №29','Павлович','8','Позняк','3904030728','02.11.2009','Позняк Наталия Викторовна',20,11,NULL,NULL),(351,'example@gmail.com','Дмитрий','89506701598','МАОУ СОШ №15','Викторович','7','Гурченко','3904067233','16.07.2009','Гурченко Римма Михайловна',21,11,NULL,NULL),(352,'example@gmail.com','Даниил','89506734991','МАОУ СОШ №3','Артурович','8','Девлеткильдеев','3904021168','05.11.2008','Камынина Анастасия Николаевна',25,7,NULL,NULL),(353,'example@gmail.com','Артём','89062196813','МАОУ СОШ №46','Михайлович','8','Зернов','3904017886','29.07.2008','Зернова Юлия Николаевна',25,7,NULL,NULL),(354,'example@gmail.com','Владимир','89033431771','МАОУ СОШ №50','Семенович','8','Пахомов','3904083602','26.03.2008','Иванова Юлия Анатольевна',25,7,NULL,NULL),(355,'example@gmail.com','Сурен','89097760821','МАОУ СОШ №39','Арменович','7','Петросян','3904066298','15.09.2009','Аветисян Мариаль Спартаковна',25,7,NULL,NULL),(356,'example@gmail.com','Илья','89022517412','Частная школа \"Знайка\"','Юрьевич','8','Пинчук','3904020463','02.01.2008','Пинчук Светлана Владимировна',25,7,NULL,NULL),(357,'example@gmail.com','Андрей','89114731013','МАОУ СОШ №3','Дмитриевич','8','Трофимов','3904025899','22.09.2008','Чайка Нина Павловна',25,7,NULL,NULL),(358,'example@gmail.com','Владислав','89118665926','МАОУ СОШ №3','Сергеевич','8','Федотов','3904005680','22.04.2008','Федотова Елена Петровна',25,7,NULL,NULL),(359,'example@gmail.com','Станислав','89114536943','МАОУ СОШ №46','Артурович','8','Савицкий','3904084566','25.12.2008','Савицкий Артур Константинович',15,3,NULL,NULL),(360,'example@gmail.com','Анваршо','89024177132','МАОУ СОШ №29','Назаренович','8','Азизмамадов','3913008314','09.02.2009','Озодиева Фариде Кадамшоевна',15,3,NULL,NULL),(361,'example@gmail.com','Антон','89527913178','МАОУ СОШ №28','Артемович','6','Рожков','3904039858','21.06.2010','Рожкова Анна Николаевна',16,3,NULL,NULL),(362,'example@gmail.com','Данил','89062315030','ГБУ КОО ПОО ПСТ','<none>','1 курс','Колесников','3911008556','02.11.2006','Колесников Владимир Петрович',18,1,NULL,NULL),(363,'example@gmail.com','Алексей','89527932775','ГБУ КОО КСТ','Владимирович','1 курс','Зайцев','3904002815','08.06.2005','Зайцева Эльвира Петровна',3,4,NULL,NULL),(364,'example@gmail.com','Эрик','89520512611','МАОУ лицей №23','Дмитриевич','7','Кацер','3904045748','08.10.2009','Кацер Татьяна Геннадьевна',4,4,NULL,NULL),(365,'example@gmail.com','Никита','89316013177','МАОУ СОШ №15','Александрович','6','Кондрашов','3904087312','11.12.2009','Кондрашов Александр Александрович',4,4,NULL,NULL),(366,'example@gmail.com','Кира','89097954960','МАОУ СОШ №11','Евгеньевна','7','Ротенштейн','3904071352','14.09.2009','Ротенштейн Анастасия Владимировна',4,4,NULL,NULL),(367,'example@gmail.com','Альбина','89005697840','МАОУ СОШ №46','Сергеевна','6','Ябс','3904005458','05.10.2010','Ябс Светлана Николаевна',4,4,NULL,NULL);
/*!40000 ALTER TABLE `students` ENABLE KEYS */;
UNLOCK TABLES;

--
-- Table structure for table `students_attendance`
--

DROP TABLE IF EXISTS `students_attendance`;
/*!40101 SET @saved_cs_client     = @@character_set_client */;
/*!50503 SET character_set_client = utf8mb4 */;
CREATE TABLE `students_attendance` (
  `id` int NOT NULL AUTO_INCREMENT,
  `mark` varchar(255) DEFAULT NULL,
  `date_id` int DEFAULT NULL,
  `id_student` int DEFAULT NULL,
  `student_id` int DEFAULT NULL,
  PRIMARY KEY (`id`),
  KEY `FKcu3gfy5qcqys56n0epr0tvgn2` (`student_id`),
  KEY `FKbvs77jwb7uf26l9aij2g2bs10` (`date_id`),
  KEY `FK21ar71tacdby4ael9wk1lycci` (`id_student`)
) ENGINE=MyISAM AUTO_INCREMENT=17 DEFAULT CHARSET=utf8mb4 COLLATE=utf8mb4_0900_ai_ci;
/*!40101 SET character_set_client = @saved_cs_client */;

--
-- Dumping data for table `students_attendance`
--

LOCK TABLES `students_attendance` WRITE;
/*!40000 ALTER TABLE `students_attendance` DISABLE KEYS */;
INSERT INTO `students_attendance` VALUES (1,'Н',1,1,1),(2,'Н',2,1,1),(3,'Н',3,1,1),(4,'Н',4,1,1),(5,'Н',5,2,NULL),(6,'Н',6,2,NULL),(7,'Н',7,2,NULL),(8,'Н',8,2,NULL),(9,'Н',9,2,NULL),(10,'Н',10,2,NULL),(11,'Н',11,4,NULL),(12,'Н',12,4,NULL),(13,'Н',13,4,NULL),(14,'Н',14,4,NULL),(15,'Н',15,4,NULL),(16,'Н',16,3,NULL);
/*!40000 ALTER TABLE `students_attendance` ENABLE KEYS */;
UNLOCK TABLES;

--
-- Table structure for table `testing`
--

DROP TABLE IF EXISTS `testing`;
/*!40101 SET @saved_cs_client     = @@character_set_client */;
/*!50503 SET character_set_client = utf8mb4 */;
CREATE TABLE `testing` (
  `id` int NOT NULL AUTO_INCREMENT,
  `id_date` int DEFAULT NULL,
  `id_mark` int DEFAULT NULL,
  `id_student` bigint DEFAULT NULL,
  PRIMARY KEY (`id`),
  KEY `FK17ll24lr80c31dgaom9728qyt` (`id_date`),
  KEY `FKksd7xfy3jqguap2u2do3yj48r` (`id_mark`),
  KEY `FKgkpp07tsmjr5xlduvu1do78la` (`id_student`)
) ENGINE=MyISAM AUTO_INCREMENT=40 DEFAULT CHARSET=utf8mb4 COLLATE=utf8mb4_0900_ai_ci;
/*!40101 SET character_set_client = @saved_cs_client */;

--
-- Dumping data for table `testing`
--

LOCK TABLES `testing` WRITE;
/*!40000 ALTER TABLE `testing` DISABLE KEYS */;
INSERT INTO `testing` VALUES (1,1,1,1),(2,1,1,2),(3,1,1,3),(4,1,1,4),(5,1,1,5),(6,1,1,6),(7,1,1,7),(8,1,1,8),(9,1,NULL,9),(10,1,NULL,10),(11,1,NULL,11),(12,1,1,12),(13,1,NULL,13),(39,1,1,1);
/*!40000 ALTER TABLE `testing` ENABLE KEYS */;
UNLOCK TABLES;

--
-- Table structure for table `thematic_planning`
--

DROP TABLE IF EXISTS `thematic_planning`;
/*!40101 SET @saved_cs_client     = @@character_set_client */;
/*!50503 SET character_set_client = utf8mb4 */;
CREATE TABLE `thematic_planning` (
  `id` int NOT NULL AUTO_INCREMENT,
  `theme_name` varchar(255) DEFAULT NULL,
  `course` varchar(255) DEFAULT NULL,
  `total_hours` varchar(255) DEFAULT NULL,
  `id_staff` int DEFAULT NULL,
  `id_user` bigint DEFAULT NULL,
  `themeName` varchar(255) DEFAULT NULL,
  `totalHours` varchar(255) DEFAULT NULL,
  PRIMARY KEY (`id`),
  KEY `FKqfina2s9r029mto4nxx0wslmk` (`id_staff`),
  KEY `FKrc638t5dvumfot8jp5a2bjrbx` (`id_user`)
) ENGINE=MyISAM AUTO_INCREMENT=31 DEFAULT CHARSET=utf8mb4 COLLATE=utf8mb4_0900_ai_ci;
/*!40101 SET character_set_client = @saved_cs_client */;

--
-- Dumping data for table `thematic_planning`
--

LOCK TABLES `thematic_planning` WRITE;
/*!40000 ALTER TABLE `thematic_planning` DISABLE KEYS */;
INSERT INTO `thematic_planning` VALUES (1,'Основы HTML. IDE VS Code','Web-разработка','1',1,33,NULL,NULL),(2,'Принцип работы интернет-протоколов. HTTP','Web-разработка','2',1,33,NULL,NULL),(3,'Основные теги и атрибуты','Web-разработка','6',1,33,NULL,NULL),(4,'Объектная модель документа','Web-разработка','2',1,33,NULL,NULL),(5,'Создание веб-страницы','Web-разработка','4',1,33,NULL,NULL),(6,'Элементы и их виды','Web-разработка','2',1,33,NULL,NULL),(7,'Списки','Web-разработка','2',1,33,NULL,NULL),(8,'Мультимедиа','Web-разработка','4',1,33,NULL,NULL),(9,'Ссылки и якоря','Web-разработка','2',1,33,NULL,NULL),(10,'Таблицы и формы','Web-разработка','6',1,33,NULL,NULL),(11,'Работа с базами данных: встроенный инструментарий','Web-разработка','4',1,33,NULL,NULL),(12,'Знакомство с SQL','Web-разработка','12',1,33,NULL,NULL),(13,'Изучение CSS','Web-разработка','16',1,33,NULL,NULL),(14,'Flexbox','Web-разработка','4',1,33,NULL,NULL),(15,'Адаптивный дизайн','Web-разработка','8',1,33,NULL,NULL),(16,'Разработка проекта','Web-разработка','10',1,33,NULL,NULL),(17,'Защита проекта','Web-разработка','2',1,33,NULL,NULL),(18,'Знакомство с созданием прототипов','Web-разработка','2',1,33,NULL,NULL),(19,'Создание стиля','Web-разработка','4',1,33,NULL,NULL),(20,'Экспорт и работа с прототипом','Web-разработка','2',1,33,NULL,NULL),(21,'Создание дизайна','Web-разработка','4',1,33,NULL,NULL),(22,'Введение в JavaScript','Web-разработка','2',1,33,NULL,NULL),(23,'Переменные, типы данных','Web-разработка','2',1,33,NULL,NULL),(24,'Строки, массивы','Web-разработка','2',1,33,NULL,NULL),(25,'Ветвления и циклы','Web-разработка','2',1,33,NULL,NULL),(26,'Функции','Web-разработка','4',1,33,NULL,NULL),(27,'Работа с Canvas','Web-разработка','8',1,33,NULL,NULL),(28,'Знакомство в фреймфорками','Web-разработка','10',1,33,NULL,NULL),(29,'Разработка проекта','Web-разработка','12',1,33,NULL,NULL),(30,'Защита проекта','Web-разработка','2',1,33,NULL,NULL);
/*!40000 ALTER TABLE `thematic_planning` ENABLE KEYS */;
UNLOCK TABLES;

--
-- Table structure for table `themes`
--

DROP TABLE IF EXISTS `themes`;
/*!40101 SET @saved_cs_client     = @@character_set_client */;
/*!50503 SET character_set_client = utf8mb4 */;
CREATE TABLE `themes` (
  `id` int NOT NULL AUTO_INCREMENT,
  `date` varchar(255) DEFAULT NULL,
  `hours_count` varchar(255) DEFAULT NULL,
  `theme_name` varchar(255) DEFAULT NULL,
  `id_group` int DEFAULT NULL,
  `id_user` bigint DEFAULT NULL,
  `hoursCount` varchar(255) DEFAULT NULL,
  `themeName` varchar(255) DEFAULT NULL,
  PRIMARY KEY (`id`),
  KEY `FKaoyl7mrth5i8lkkt61ey391uc` (`id_group`),
  KEY `FKji2oxnnca9c2tosolkb0hfft6` (`id_user`)
) ENGINE=MyISAM DEFAULT CHARSET=utf8mb4 COLLATE=utf8mb4_0900_ai_ci;
/*!40101 SET character_set_client = @saved_cs_client */;

--
-- Dumping data for table `themes`
--

LOCK TABLES `themes` WRITE;
/*!40000 ALTER TABLE `themes` DISABLE KEYS */;
/*!40000 ALTER TABLE `themes` ENABLE KEYS */;
UNLOCK TABLES;

--
-- Table structure for table `user_role`
--

DROP TABLE IF EXISTS `user_role`;
/*!40101 SET @saved_cs_client     = @@character_set_client */;
/*!50503 SET character_set_client = utf8mb4 */;
CREATE TABLE `user_role` (
  `user_id` bigint NOT NULL,
  `roles` varchar(255) DEFAULT NULL,
  KEY `FKfpm8swft53ulq2hl11yplpr5` (`user_id`)
) ENGINE=MyISAM DEFAULT CHARSET=utf8mb4 COLLATE=utf8mb4_0900_ai_ci;
/*!40101 SET character_set_client = @saved_cs_client */;

--
-- Dumping data for table `user_role`
--

LOCK TABLES `user_role` WRITE;
/*!40000 ALTER TABLE `user_role` DISABLE KEYS */;
INSERT INTO `user_role` VALUES (6,'USER'),(7,'USER'),(7,'ADMIN'),(30,'USER'),(31,'USER'),(32,'USER'),(33,'USER'),(34,'USER'),(30,'TEACHER'),(31,'TEACHER'),(32,'TEACHER'),(33,'TEACHER'),(34,'ADMIN');
/*!40000 ALTER TABLE `user_role` ENABLE KEYS */;
UNLOCK TABLES;

--
-- Table structure for table `usr`
--

DROP TABLE IF EXISTS `usr`;
/*!40101 SET @saved_cs_client     = @@character_set_client */;
/*!50503 SET character_set_client = utf8mb4 */;
CREATE TABLE `usr` (
  `id` bigint NOT NULL,
  `active` bit(1) NOT NULL,
  `password` varchar(255) DEFAULT NULL,
  `username` varchar(255) DEFAULT NULL,
  `id_staff` int DEFAULT NULL,
  `id_theme` int DEFAULT NULL,
  `id_user` bigint DEFAULT NULL,
  `id_group` int DEFAULT NULL,
  `id_themes` int DEFAULT NULL,
  PRIMARY KEY (`id`),
  KEY `FKih8cwiqsler5i2djxit03n9aq` (`id_group`),
  KEY `FK4ij61qlrs6n5rsxr03j103w5p` (`id_staff`),
  KEY `FK4duipjqes437bwqpliynx9vix` (`id_theme`),
  KEY `FKsjasumefy5ay4cyjdcqehhepy` (`id_themes`)
) ENGINE=MyISAM DEFAULT CHARSET=utf8mb4 COLLATE=utf8mb4_0900_ai_ci;
/*!40101 SET character_set_client = @saved_cs_client */;

--
-- Dumping data for table `usr`
--

LOCK TABLES `usr` WRITE;
/*!40000 ALTER TABLE `usr` DISABLE KEYS */;
INSERT INTO `usr` VALUES (6,_binary '','123','usrеtest',NULL,NULL,NULL,NULL,NULL),(7,_binary '','2','admin',NULL,NULL,NULL,NULL,NULL),(30,_binary '','qwerty1','parfentev_dv',4,NULL,NULL,NULL,NULL),(31,_binary '','qwerty2','litvinenko_da',3,NULL,NULL,NULL,NULL),(32,_binary '','qwerty3','borov_dr',2,NULL,NULL,NULL,NULL),(33,_binary '','qwerty4','elizarov_da',1,NULL,NULL,NULL,NULL),(34,_binary '','3','admin2',NULL,NULL,NULL,NULL,NULL);
/*!40000 ALTER TABLE `usr` ENABLE KEYS */;
UNLOCK TABLES;
/*!40103 SET TIME_ZONE=@OLD_TIME_ZONE */;

/*!40101 SET SQL_MODE=@OLD_SQL_MODE */;
/*!40014 SET FOREIGN_KEY_CHECKS=@OLD_FOREIGN_KEY_CHECKS */;
/*!40014 SET UNIQUE_CHECKS=@OLD_UNIQUE_CHECKS */;
/*!40101 SET CHARACTER_SET_CLIENT=@OLD_CHARACTER_SET_CLIENT */;
/*!40101 SET CHARACTER_SET_RESULTS=@OLD_CHARACTER_SET_RESULTS */;
/*!40101 SET COLLATION_CONNECTION=@OLD_COLLATION_CONNECTION */;
/*!40111 SET SQL_NOTES=@OLD_SQL_NOTES */;

-- Dump completed on 2024-02-19 16:08:27
